-- phpMyAdmin SQL Dump
-- version 4.3.8
-- http://www.phpmyadmin.net
--
-- Host: localhost
-- Generation Time: Sep 17, 2016 at 12:46 AM
-- Server version: 5.5.51-38.1-log
-- PHP Version: 5.4.31

SET SQL_MODE = "NO_AUTO_VALUE_ON_ZERO";
SET time_zone = "+00:00";


/*!40101 SET @OLD_CHARACTER_SET_CLIENT=@@CHARACTER_SET_CLIENT */;
/*!40101 SET @OLD_CHARACTER_SET_RESULTS=@@CHARACTER_SET_RESULTS */;
/*!40101 SET @OLD_COLLATION_CONNECTION=@@COLLATION_CONNECTION */;
/*!40101 SET NAMES utf8 */;

--
-- Database: `classma3_database`
--

-- --------------------------------------------------------

--
-- Table structure for table `chat`
--

CREATE TABLE IF NOT EXISTS `chat` (
  `chatid` int(11) NOT NULL,
  `userid` int(11) NOT NULL,
  `eventid` int(11) NOT NULL,
  `message` text NOT NULL,
  `created` text NOT NULL,
  `isread` int(11) NOT NULL,
  `type` varchar(20) NOT NULL
) ENGINE=InnoDB AUTO_INCREMENT=1985 DEFAULT CHARSET=latin1;

--
-- Dumping data for table `chat`
--

INSERT INTO `chat` (`chatid`, `userid`, `eventid`, `message`, `created`, `isread`, `type`) VALUES
(681, 42, 123, 'Hey', ' 07/30/2016 04:38 AM', 0, ''),
(682, 44, 123, 'hellp', ' 07/30/2016 04:00 AM', 0, ''),
(683, 42, 123, 'Like', ' 07/30/2016 04:29 AM', 0, ''),
(684, 44, 123, 'wht', ' 07/30/2016 04:34 AM', 0, ''),
(685, 42, 123, 'How', ' 07/30/2016 04:51 AM', 0, ''),
(686, 44, 123, 'fabulous', ' 07/30/2016 04:06 AM', 0, ''),
(687, 42, 123, 'Tomorrow is holiday', ' 07/30/2016 04:18 AM', 0, ''),
(688, 44, 123, 'yes finally Sunday', ' 07/30/2016 04:30 AM', 0, ''),
(689, 44, 122, 'delete', ' 07/30/2016 04:32 AM', 0, ''),
(690, 44, 122, 'Aliya check nasha dikhe', ' 07/30/2016 04:51 AM', 0, ''),
(691, 42, 122, 'Chat deleted', ' 07/30/2016 04:03 AM', 0, ''),
(692, 44, 122, 'ohh chehra masum jeha Tere file ch shtani', ' 07/30/2016 04:22 AM', 0, ''),
(693, 42, 122, 'Ghost here', ' 07/30/2016 04:25 AM', 0, ''),
(694, 44, 122, 'where', ' 07/30/2016 04:27 AM', 0, ''),
(695, 42, 122, 'Where''s chat?', ' 07/30/2016 04:06 AM', 0, ''),
(696, 42, 122, 'Who stolen it ?', ' 07/30/2016 04:15 AM', 0, ''),
(697, 42, 122, 'Tomorrow', ' 07/30/2016 04:26 AM', 0, ''),
(698, 44, 122, 'wht', ' 07/30/2016 04:05 AM', 0, ''),
(699, 44, 122, 'my chat \nis not working prop', ' 07/30/2016 04:20 AM', 0, ''),
(700, 42, 123, '31/07/2016', ' 07/30/2016 05:59 AM', 0, ''),
(701, 44, 123, 'Sunday date', ' 07/30/2016 05:15 AM', 0, ''),
(702, 44, 123, 'oh god', ' 07/30/2016 05:34 AM', 0, ''),
(703, 44, 123, 'why happened', ' 07/30/2016 05:38 AM', 0, ''),
(704, 44, 123, 'mallu', ' 07/30/2016 05:40 AM', 0, ''),
(705, 44, 123, 'black and white khel Rahi h tu', ' 07/30/2016 05:52 AM', 0, ''),
(706, 42, 123, 'Hi', ' 07/30/2016 05:13 AM', 0, ''),
(707, 44, 123, 'why u take tension', ' 07/30/2016 05:43 AM', 0, ''),
(708, 42, 123, 'hlo', ' 07/30/2016 05:52 AM', 0, ''),
(709, 44, 123, 'hi monika', ' 07/30/2016 05:09 AM', 0, ''),
(710, 42, 123, 'ki Jedi', ' 07/30/2016 05:20 AM', 0, ''),
(711, 44, 123, 'did u get my msg??', ' 07/30/2016 05:22 AM', 0, ''),
(712, 42, 123, 'krdi', ' 07/30/2016 05:23 AM', 0, ''),
(713, 42, 123, 'yup', ' 07/30/2016 05:29 AM', 0, ''),
(714, 44, 123, 'okay any problem in chat?', ' 07/30/2016 05:47 AM', 0, ''),
(715, 42, 123, 'no', ' 07/30/2016 05:56 AM', 0, ''),
(716, 42, 123, 'everything ok', ' 07/30/2016 05:05 AM', 0, ''),
(717, 44, 123, 'okay fine any thing else', ' 07/30/2016 05:31 AM', 0, ''),
(718, 44, 123, 'do u want to change in this', ' 07/30/2016 05:43 AM', 0, ''),
(719, 44, 123, 'do u want to change in this', ' 07/30/2016 05:46 AM', 0, ''),
(720, 42, 123, 'repeat last msg', ' 07/30/2016 05:05 AM', 0, ''),
(721, 44, 123, 'sometimes api hot twice', ' 07/30/2016 05:17 AM', 0, ''),
(722, 42, 123, 'may b click 2 tym', ' 07/30/2016 05:33 AM', 0, ''),
(723, 44, 123, 'yes does sometimes', ' 07/30/2016 05:35 AM', 0, ''),
(724, 42, 123, 'okk', ' 07/30/2016 05:39 AM', 0, ''),
(725, 44, 123, 'no problem.', ' 07/30/2016 05:42 AM', 0, ''),
(726, 42, 123, 'ok', ' 07/30/2016 05:45 AM', 0, ''),
(727, 44, 123, 'nope', ' 07/30/2016 05:47 AM', 0, ''),
(728, 42, 123, 'hmmmm', ' 07/30/2016 05:59 AM', 0, ''),
(729, 44, 123, 'clicking works once', ' 07/30/2016 05:01 AM', 0, ''),
(730, 44, 123, 'hor das', ' 07/30/2016 05:09 AM', 0, ''),
(731, 42, 123, 'NW give me black device', ' 07/30/2016 05:14 AM', 0, ''),
(732, 44, 123, 'chat sahi aa Na??', ' 07/30/2016 05:15 AM', 0, ''),
(733, 42, 122, 'Yesterday', ' 07/30/2016 05:32 AM', 0, ''),
(734, 42, 122, 'Mallika', ' 07/30/2016 05:34 AM', 0, ''),
(735, 42, 122, 'Kya changes h', ' 07/30/2016 05:56 AM', 0, ''),
(736, 42, 122, 'Tommorrow', ' 07/30/2016 05:58 AM', 0, ''),
(737, 42, 122, '9988299644', ' 07/30/2016 05:06 AM', 0, ''),
(738, 44, 122, 'Mallika', ' 07/30/2016 05:22 AM', 0, ''),
(739, 44, 122, 'ki krdi aa', ' 07/30/2016 05:30 AM', 0, ''),
(740, 42, 122, 'Finally color set9988299644', ' 07/30/2016 05:02 AM', 0, ''),
(741, 44, 122, 'asha', ' 07/30/2016 05:13 AM', 0, ''),
(742, 42, 122, 'Who''s this\n?', ' 07/30/2016 05:26 AM', 0, ''),
(743, 44, 122, 'Punjabi ch kr gl', ' 07/30/2016 05:28 AM', 0, ''),
(744, 42, 122, 'Hahahahahhaaaaaa', ' 07/30/2016 05:32 AM', 0, ''),
(745, 44, 122, 'mainu bhul gyi', ' 07/30/2016 05:38 AM', 0, ''),
(746, 42, 122, 'Haji daso', ' 07/30/2016 05:51 AM', 0, ''),
(747, 44, 122, 'Hass kyu', ' 07/30/2016 05:56 AM', 0, ''),
(748, 44, 122, 'my name is the best regards David David and I will be a good idea', ' 07/30/2016 05:09 AM', 0, ''),
(749, 42, 122, 'Tainu kive pul ha', ' 07/30/2016 05:15 AM', 0, ''),
(750, 42, 122, 'Avin', ' 07/30/2016 05:38 AM', 0, ''),
(751, 42, 122, 'Send me your number', ' 07/30/2016 05:57 AM', 0, ''),
(752, 44, 122, '5667775432', ' 07/30/2016 05:07 AM', 0, ''),
(753, 44, 122, '5444455', ' 07/30/2016 05:25 AM', 0, ''),
(754, 42, 122, 'Ok thanks', ' 07/30/2016 05:36 AM', 0, ''),
(755, 42, 122, '5444455', ' 07/30/2016 05:45 AM', 0, ''),
(756, 44, 122, 'why thanks', ' 07/30/2016 05:10 AM', 0, ''),
(757, 42, 122, 'For mobile number', ' 07/30/2016 05:29 AM', 0, ''),
(758, 44, 122, 'oh', ' 07/30/2016 05:34 AM', 0, ''),
(759, 42, 122, 'Yes', ' 07/30/2016 05:40 AM', 0, ''),
(760, 44, 122, 'take my number', ' 07/30/2016 05:41 AM', 0, ''),
(761, 42, 122, 'Baby', ' 07/30/2016 05:43 AM', 0, ''),
(762, 44, 122, '85560', ' 07/30/2016 05:48 AM', 0, ''),
(763, 44, 122, '80364', ' 07/30/2016 05:54 AM', 0, ''),
(764, 44, 122, 'u my baby', ' 07/30/2016 05:59 AM', 0, ''),
(765, 44, 122, '????', ' 07/30/2016 05:03 AM', 0, ''),
(766, 42, 122, 'It''s not correct', ' 07/30/2016 05:06 AM', 0, ''),
(767, 42, 122, 'I know yours', ' 07/30/2016 05:22 AM', 0, ''),
(768, 44, 122, 'oh baby I was waiting for u', ' 07/30/2016 05:25 AM', 0, ''),
(769, 42, 122, 'Oh really', ' 07/30/2016 05:33 AM', 0, ''),
(770, 44, 122, 'who''s mine??', ' 07/30/2016 05:34 AM', 0, ''),
(771, 44, 122, 'jawab de', ' 07/30/2016 05:48 AM', 0, ''),
(772, 42, 122, 'I''m yours', ' 07/30/2016 05:50 AM', 0, ''),
(773, 44, 122, 'Mera kon', ' 07/30/2016 05:52 AM', 0, ''),
(774, 44, 122, '????????????????????????????????????????????????', ' 07/30/2016 05:01 AM', 0, ''),
(775, 42, 122, 'I i', ' 07/30/2016 05:05 AM', 0, ''),
(776, 44, 122, 'oh god yes u', ' 07/30/2016 05:11 AM', 0, ''),
(777, 44, 122, 'oh', ' 07/30/2016 05:19 AM', 0, ''),
(778, 42, 122, 'And u r mine', ' 07/30/2016 05:27 AM', 0, ''),
(779, 44, 122, 'today u give me shock', ' 07/30/2016 05:59 AM', 0, ''),
(780, 42, 122, 'Ohh', ' 07/30/2016 05:08 AM', 0, ''),
(781, 44, 122, 'totally fainted', ' 07/30/2016 05:14 AM', 0, ''),
(782, 42, 122, 'I always there for you', ' 07/30/2016 05:22 AM', 0, ''),
(783, 44, 122, 'okay my pleasure', ' 07/30/2016 05:46 AM', 0, ''),
(784, 44, 122, 'la la la la u my baby', ' 07/30/2016 05:02 AM', 0, ''),
(785, 42, 122, '54444555444455fghvhgvhgvv hello brought guy guru. B by Bobby gbbbbuygbhbjh', ' 07/30/2016 05:13 AM', 0, ''),
(786, 44, 122, 'baby let''s goa..', ' 07/30/2016 05:27 AM', 0, ''),
(787, 42, 123, 'No', ' 07/30/2016 05:41 AM', 0, ''),
(788, 42, 122, 'Where?', ' 07/30/2016 05:28 AM', 0, ''),
(789, 44, 122, 'hahaha', ' 07/30/2016 05:01 AM', 0, ''),
(790, 44, 122, 'baby let''s go goa', ' 07/30/2016 05:09 AM', 0, ''),
(791, 42, 122, 'Ok', ' 07/30/2016 05:20 AM', 0, ''),
(792, 42, 122, 'Today evening?', ' 07/30/2016 05:28 AM', 0, ''),
(793, 44, 122, 'yess', ' 07/30/2016 05:36 AM', 0, ''),
(794, 44, 122, 'let''s go', ' 07/30/2016 05:41 AM', 0, ''),
(795, 44, 122, 'pleade', ' 07/30/2016 05:44 AM', 0, ''),
(796, 44, 122, 'please', ' 07/30/2016 05:48 AM', 0, ''),
(797, 42, 122, 'Time?', ' 07/30/2016 05:55 AM', 0, ''),
(798, 42, 122, '7:00 PM?\nOkay', ' 07/30/2016 05:16 AM', 0, ''),
(799, 44, 122, '10 g', ' 07/30/2016 05:23 AM', 0, ''),
(800, 44, 122, 'ha ha', ' 07/30/2016 05:32 AM', 0, ''),
(801, 44, 122, '7', ' 07/30/2016 05:39 AM', 0, ''),
(802, 42, 122, 'Ok fine', ' 07/30/2016 05:43 AM', 0, ''),
(803, 44, 122, 'so ready', ' 07/30/2016 05:02 AM', 0, ''),
(804, 42, 122, 'Hello dear', ' 07/30/2016 05:06 AM', 0, ''),
(805, 44, 122, 'totally different', ' 07/30/2016 05:17 AM', 0, ''),
(806, 44, 122, 'totally different', ' 07/30/2016 05:26 AM', 0, ''),
(807, 44, 122, 'mallu kr check', ' 07/30/2016 05:38 AM', 0, ''),
(808, 42, 122, 'Ok', ' 07/30/2016 05:52 AM', 0, ''),
(809, 44, 122, 'rules guru', ' 07/30/2016 05:28 AM', 0, ''),
(810, 44, 122, 'totally agree', ' 07/30/2016 05:41 AM', 0, ''),
(811, 44, 122, 'totally understand', ' 07/30/2016 05:50 AM', 0, ''),
(812, 44, 122, 'totally different', ' 07/30/2016 05:58 AM', 0, ''),
(813, 44, 122, 'today I have', ' 07/30/2016 05:17 AM', 0, ''),
(814, 44, 122, 'totally understand', ' 07/30/2016 05:26 AM', 0, ''),
(815, 44, 122, 'totally different', ' 07/30/2016 05:41 AM', 0, ''),
(816, 44, 122, 'totally ghjfdrtgy', ' 07/30/2016 05:58 AM', 0, ''),
(817, 44, 122, 'different', ' 07/30/2016 05:12 AM', 0, ''),
(818, 42, 122, 'Same', ' 07/30/2016 05:31 AM', 0, ''),
(819, 42, 122, 'Totally same', ' 07/30/2016 05:37 AM', 0, ''),
(820, 42, 122, 'Totally different', ' 07/30/2016 05:46 AM', 0, ''),
(821, 42, 122, 'Different', ' 07/30/2016 05:57 AM', 0, ''),
(822, 42, 122, 'Totally fainted', ' 07/30/2016 05:11 AM', 0, ''),
(823, 44, 122, 'ho', ' 07/30/2016 05:07 AM', 0, ''),
(824, 42, 122, 'Yes', ' 07/30/2016 05:07 AM', 0, ''),
(825, 42, 122, 'High', ' 07/30/2016 05:17 AM', 0, ''),
(826, 42, 122, 'Fix', ' 07/30/2016 05:18 AM', 0, ''),
(827, 42, 122, 'Fighting', ' 07/30/2016 05:20 AM', 0, ''),
(828, 42, 122, 'Gagging', ' 07/30/2016 05:22 AM', 0, ''),
(829, 44, 123, 'jad Sarah v lendi tu chete aawe ik tu hi bekardra kadra Na pawe...', ' 07/30/2016 05:09 AM', 0, ''),
(830, 44, 123, 'sohniye', ' 07/30/2016 05:51 AM', 0, ''),
(831, 42, 123, 'Ohh', ' 07/30/2016 05:57 AM', 0, ''),
(832, 42, 123, 'Sochi', ' 07/30/2016 05:05 AM', 0, ''),
(833, 42, 123, 'Kghkjyhhnfg', ' 07/30/2016 05:13 AM', 0, ''),
(834, 42, 123, 'Benign', ' 07/30/2016 05:16 AM', 0, ''),
(835, 44, 123, 'Haan', ' 07/30/2016 05:19 AM', 0, ''),
(836, 44, 123, 'm very serious about you', ' 07/30/2016 05:30 AM', 0, ''),
(837, 44, 123, 'mallu', ' 07/30/2016 05:38 AM', 0, ''),
(838, 42, 122, 'Fjdkfjkdkdfnvg hgngjgioergj eorger. Nigiri organ ngjioergrtengv Higgins gijgfgdklnvm,nvgjoeirgjojrggijgoigeiorgjuoegujerjgijgoejrgoijrgklftghg giogjoierjgoeirgj ehjgoijrgiojer join gorge networking leith governor erjgrtgtgttrhrtgt', ' 07/30/2016 06:01 AM', 0, ''),
(839, 44, 122, 'heu', ' 07/30/2016 06:02 AM', 0, ''),
(840, 44, 122, 'totally different', ' 07/30/2016 06:26 AM', 0, ''),
(841, 44, 122, 'different', ' 07/30/2016 06:14 AM', 0, ''),
(842, 44, 122, 'small minds of my resume to the other', ' 07/30/2016 06:29 AM', 0, ''),
(843, 44, 122, 'hslvsobehdlvshsbvdlndvld shedding tears in her own a house with a good day please see below for your email address to send the other day and time again for the other day I am writing this mail your email and any other information you can do to help with this one I would be the way we are going on the other hand I am a bit more than one of my', ' 07/30/2016 06:09 AM', 0, ''),
(844, 42, 122, 'Tut hjh r.  HDR Ed with gh h ert9 8erbv g erg. Hghj h g e r t wr tweeted we. Try erg we regret etrte t e tee it writes. Tier. We', ' 07/30/2016 06:15 AM', 0, ''),
(845, 44, 122, 'ohhkkk', ' 07/30/2016 06:24 AM', 0, ''),
(846, 44, 122, 'so what''s your number so we will not work on this site for your help in this message is ready and waiting on my phone and it', ' 07/30/2016 06:36 AM', 0, ''),
(847, 42, 122, 'Yeah Rey t t4whdfhfe erg fourth erg get g re regret refresher he rygregtytggh ugdfbgdfjgdfh gfghfgudfgdfhgudfhgufgh ft fg gfdghdfghdfhgfghghfghfg ghgdhgidfhgidfuhgdfiughghig gfdghdfghdfhgfghghfghfg hghg. Gfffg yah', ' 07/30/2016 06:10 AM', 0, ''),
(848, 43, 122, 'Hey', ' 07/30/2016 06:57 AM', 0, ''),
(849, 43, 122, 'What''s up', ' 07/30/2016 06:04 AM', 0, ''),
(850, 44, 122, 'mallu', ' 07/30/2016 06:09 AM', 0, ''),
(851, 43, 122, ':)', ' 07/30/2016 06:12 AM', 0, ''),
(852, 43, 122, 'Yes', ' 07/30/2016 06:17 AM', 0, ''),
(853, 44, 122, 'fine', ' 07/30/2016 06:19 AM', 0, ''),
(854, 43, 122, 'How''s going?', ' 07/30/2016 06:26 AM', 0, ''),
(855, 44, 122, 'I tell you that I have a great day', ' 07/30/2016 06:28 AM', 0, ''),
(856, 43, 122, 'Good', ' 07/30/2016 06:32 AM', 0, ''),
(857, 44, 122, 'yea', ' 07/30/2016 06:40 AM', 0, ''),
(858, 43, 122, 'Ohh gr8', ' 07/30/2016 06:41 AM', 0, ''),
(859, 44, 122, ':)', ' 07/30/2016 06:58 AM', 0, ''),
(860, 44, 122, 'hslvsobehdlvshsbvdlndvld', ' 07/30/2016 06:33 AM', 0, ''),
(861, 44, 122, ':*', ' 07/30/2016 06:42 AM', 0, ''),
(862, 43, 122, '-:*', ' 07/30/2016 06:59 AM', 0, ''),
(863, 43, 122, ':-*', ' 07/30/2016 06:46 AM', 0, ''),
(864, 43, 122, ':D', ' 07/30/2016 06:04 AM', 0, ''),
(865, 44, 123, 'koko', ' 07/30/2016 07:44 AM', 0, ''),
(866, 44, 123, 'kidan', ' 07/30/2016 07:49 AM', 0, ''),
(867, 44, 122, ':P', ' 07/30/2016 07:21 AM', 0, ''),
(868, 44, 122, 'itne mein itnaish milega', ' 07/30/2016 07:50 AM', 0, ''),
(869, 42, 121, 'hiii', ' 08/01/2016 05:21 AM', 0, ''),
(870, 42, 121, 'helloo', ' 08/01/2016 05:24 AM', 0, ''),
(871, 42, 121, 'where r u', ' 08/01/2016 05:29 AM', 0, ''),
(872, 42, 121, 'self.scrollToBottomAnimated(true)', ' 08/01/2016 09:54 AM', 0, ''),
(873, 42, 121, 'Done', ' 08/01/2016 09:01 AM', 0, ''),
(874, 42, 129, 'Mine', ' 08/01/2016 09:33 AM', 0, ''),
(875, 42, 129, 'Hello node g heir ghee gene goofiest. Fd gang hghg gggigjmvgjrffggiggv j egg. Ghee ghh jgg ghh ggjijgiergj gj ghgh outings g jgjgjgoirjgoirjghorjhorjtorj girgiojgojtgjrt jh jg jgjgjgoirjgoirjghorjhorjtorj girgiojgojtgjrt jgjgjgoirjgoirjghorjhorjtorj ft g tjgjgjrthjortjhorjthrjhor', ' 08/01/2016 09:52 AM', 0, ''),
(876, 43, 129, 'hello', ' 08/01/2016 11:45 AM', 0, ''),
(877, 43, 129, 'hello123', ' 08/01/2016 11:18 AM', 0, ''),
(878, 43, 129, 'Hello', ' 08/01/2016 11:20 AM', 0, ''),
(879, 43, 129, 'Hello..........................', ' 08/01/2016 11:55 AM', 0, ''),
(880, 43, 129, 'hello123', ' 08/01/2016 11:43 AM', 0, ''),
(881, 43, 129, 'hello123', ' 08/01/2016 11:30 AM', 0, ''),
(882, 43, 129, 'Hello..........................', ' 08/01/2016 11:33 AM', 0, ''),
(883, 43, 129, 'Hello..........................', ' 08/01/2016 11:19 AM', 0, ''),
(884, 43, 129, 'Hello..........................', ' 08/01/2016 11:19 AM', 0, ''),
(885, 42, 121, 'hello123', ' 08/01/2016 11:05 AM', 0, ''),
(886, 44, 121, 'hello123', ' 08/01/2016 11:38 AM', 0, ''),
(887, 44, 121, 'hello1', ' 08/01/2016 11:59 AM', 0, ''),
(888, 44, 121, 'hello', ' 08/01/2016 11:36 AM', 0, ''),
(889, 44, 121, 'Hello..........................', ' 08/01/2016 11:09 AM', 0, ''),
(890, 44, 121, 'Hello..........................', ' 08/01/2016 11:56 AM', 0, ''),
(891, 44, 121, 'Hello', ' 08/01/2016 11:48 AM', 0, ''),
(892, 44, 121, 'Hello..........................', ' 08/01/2016 11:19 AM', 0, ''),
(893, 44, 121, 'Hello..........................', ' 08/01/2016 11:35 AM', 0, ''),
(894, 44, 121, 'Hello..........................', ' 08/01/2016 11:19 AM', 0, ''),
(895, 42, 121, 'Hello..........................', ' 08/01/2016 11:27 AM', 0, ''),
(896, 44, 121, 'Hello..........................', ' 08/01/2016 11:54 AM', 0, ''),
(897, 42, 121, 'Ki gal a', ' 08/01/2016 11:47 AM', 0, ''),
(898, 44, 121, 'hello', ' 08/01/2016 12:34 PM', 0, ''),
(899, 44, 121, 'hello123', ' 08/01/2016 12:53 PM', 0, ''),
(900, 43, 121, 'hello123', ' 08/01/2016 12:15 PM', 0, ''),
(901, 42, 121, 'hello123', ' 08/01/2016 12:17 PM', 0, ''),
(902, 42, 121, 'hello123', ' 08/01/2016 12:04 PM', 0, ''),
(903, 42, 129, 'Hii', ' 08/01/2016 12:56 PM', 0, ''),
(904, 42, 129, 'Hjj', ' 08/01/2016 12:01 PM', 0, ''),
(905, 42, 129, 'Jha', ' 08/01/2016 12:21 PM', 0, ''),
(906, 42, 129, 'Ggjjhf', ' 08/01/2016 12:30 PM', 0, ''),
(907, 42, 129, 'Ggjjhf', ' 08/01/2016 12:34 PM', 0, ''),
(908, 42, 129, 'Ggjjhf', ' 08/01/2016 12:52 PM', 0, ''),
(909, 42, 121, 'Bbjjff', ' 08/01/2016 12:12 PM', 0, ''),
(910, 42, 121, 'Ggjjhf', ' 08/01/2016 12:52 PM', 0, ''),
(911, 42, 121, 'hello123', ' 08/01/2016 12:16 PM', 0, ''),
(912, 42, 121, 'Hey', ' 08/01/2016 12:15 PM', 0, ''),
(913, 42, 121, 'Hey', ' 08/01/2016 12:20 PM', 0, ''),
(914, 42, 121, 'Hfs', ' 08/01/2016 12:34 PM', 0, ''),
(915, 42, 121, 'hello123', ' 08/02/2016 04:11 AM', 0, ''),
(916, 42, 121, 'hello123', ' 08/02/2016 04:19 AM', 0, ''),
(917, 42, 121, 'hiiiiiiiiiii', ' 08/02/2016 04:24 AM', 0, ''),
(918, 42, 121, 'hello', ' 08/02/2016 05:14 AM', 0, ''),
(919, 42, 121, 'hello', ' 08/02/2016 05:51 AM', 0, ''),
(920, 42, 121, 'girl like ur move', ' 08/02/2016 05:42 AM', 0, ''),
(921, 42, 121, 'girl like ur move', ' 08/02/2016 05:45 AM', 0, ''),
(922, 42, 121, 'i wNna', ' 08/02/2016 05:58 AM', 0, ''),
(923, 42, 121, 'i wNna', ' 08/02/2016 05:00 AM', 0, ''),
(924, 42, 121, 'hiiiiiiiiiii', ' 08/02/2016 05:55 AM', 0, ''),
(925, 42, 121, 'hiiiiiiiiiii', ' 08/02/2016 05:16 AM', 0, ''),
(926, 42, 121, 'hiiiiiiiiiii', ' 08/02/2016 05:52 AM', 0, ''),
(927, 42, 121, 'hiiiiiiiiiii', ' 08/02/2016 05:07 AM', 0, ''),
(928, 42, 121, 'hiiiiiiiiiii', ' 08/02/2016 05:53 AM', 0, ''),
(929, 42, 121, 'hiiiiiiiiiii', ' 08/02/2016 05:48 AM', 0, ''),
(930, 44, 133, 'jlo', ' 08/15/2016 11:41 PM', 0, ''),
(931, 44, 133, 'jlo', ' 08/15/2016 11:44 PM', 0, ''),
(932, 44, 133, 'jlo', ' 08/15/2016 11:47 PM', 0, ''),
(933, 44, 133, 'jlo', ' 08/15/2016 11:50 PM', 0, ''),
(934, 44, 133, 'hlo', ' 08/15/2016 11:08 PM', 0, ''),
(935, 44, 133, 'hlo', ' 08/15/2016 11:11 PM', 0, ''),
(936, 44, 133, 'hi', ' 08/15/2016 11:29 PM', 0, ''),
(937, 44, 133, 'hi', ' 08/15/2016 11:32 PM', 0, ''),
(938, 44, 133, 'g DG set up a time', ' 08/15/2016 11:47 PM', 0, ''),
(939, 44, 133, 'g DG set up a time', ' 08/15/2016 11:50 PM', 0, ''),
(940, 44, 133, 'testing papers and vet records and I will be a', ' 08/15/2016 11:25 PM', 0, ''),
(941, 44, 133, 'testing papers and vet records and I will be a', ' 08/15/2016 11:27 PM', 0, ''),
(942, 44, 133, 'hhhhhhh', ' 08/15/2016 11:36 PM', 0, ''),
(943, 42, 153, 'Hi', ' 08/15/2016 11:24 PM', 0, ''),
(944, 44, 133, 'he''ll', ' 08/15/2016 11:48 PM', 0, ''),
(945, 44, 133, 'he''ll', ' 08/15/2016 11:51 PM', 0, ''),
(946, 44, 133, 'hhhhhhh', ' 08/15/2016 11:37 PM', 0, ''),
(947, 44, 133, 'ji', ' 08/15/2016 11:37 PM', 0, ''),
(948, 44, 133, 'ji', ' 08/15/2016 11:40 PM', 0, ''),
(949, 44, 133, 'warning PHP warning', ' 08/16/2016 12:45 AM', 0, ''),
(950, 44, 133, 'warning PHP warning', ' 08/16/2016 12:48 AM', 0, ''),
(951, 44, 133, 'server sending Msg', ' 08/16/2016 12:44 AM', 0, ''),
(952, 44, 133, 'ghjghfhftyufj', ' 08/16/2016 12:28 AM', 0, ''),
(953, 42, 153, 'hello', ' 08/16/2016 01:13 AM', 0, ''),
(954, 44, 133, 'accept', ' 08/16/2016 01:38 AM', 0, ''),
(955, 44, 153, 'hii', ' 08/16/2016 01:42 AM', 0, ''),
(956, 44, 153, 'hii', ' 08/16/2016 01:45 AM', 0, ''),
(957, 44, 137, 'hlo', ' 08/16/2016 01:18 AM', 0, ''),
(958, 44, 137, 'hlo', ' 08/16/2016 01:21 AM', 0, ''),
(959, 44, 133, 'hlo', ' 08/16/2016 02:26 AM', 0, ''),
(960, 44, 133, 'hlo', ' 08/16/2016 02:29 AM', 0, ''),
(961, 44, 155, 'sloop', ' 08/16/2016 02:40 AM', 0, ''),
(962, 44, 155, 'hiii', ' 08/16/2016 02:58 AM', 0, ''),
(963, 44, 155, 'new topic', ' 08/16/2016 02:29 AM', 0, ''),
(964, 42, 158, 'Jiiiihii', ' 08/16/2016 03:34 AM', 0, ''),
(965, 42, 158, 'Jlo', ' 08/16/2016 03:37 AM', 0, ''),
(966, 42, 158, 'hii', ' 08/16/2016 03:55 AM', 0, ''),
(967, 42, 158, 'hlo', ' 08/16/2016 03:43 AM', 0, ''),
(968, 42, 158, 'whats the point of view conversation with you and your family', ' 08/16/2016 03:50 AM', 0, ''),
(969, 42, 158, 'hmmm???', ' 08/16/2016 03:55 AM', 0, ''),
(970, 42, 158, 'which of these emails to the same as last time we were able Seaman book', ' 08/16/2016 03:05 AM', 0, ''),
(971, 44, 158, 'bounce', ' 08/16/2016 05:24 AM', 0, ''),
(972, 42, 158, 'hllo', ' 08/16/2016 05:00 AM', 0, ''),
(973, 44, 158, 'Hi', ' 08/16/2016 05:16 AM', 0, ''),
(974, 44, 158, 'Whtsapp', ' 08/16/2016 05:20 AM', 0, ''),
(975, 42, 158, 'good', ' 08/16/2016 05:26 AM', 0, ''),
(976, 42, 158, 'why u do', ' 08/16/2016 05:31 AM', 0, ''),
(977, 44, 158, 'Doing chat', ' 08/16/2016 05:50 AM', 0, ''),
(978, 42, 158, 'the Facebook platform for opportunity to work with you and', ' 08/16/2016 05:57 AM', 0, ''),
(979, 44, 158, 'Goo', ' 08/16/2016 05:03 AM', 0, ''),
(980, 42, 158, 'he hehe', ' 08/16/2016 05:09 AM', 0, ''),
(981, 44, 158, 'Hahaha', ' 08/16/2016 05:13 AM', 0, ''),
(982, 42, 158, 'WhatsApp messenger is available results for the same time', ' 08/16/2016 05:20 AM', 0, ''),
(983, 44, 158, 'Hchcgcjgjkb', ' 08/16/2016 05:24 AM', 0, ''),
(984, 42, 158, 'gdh', ' 08/16/2016 05:24 AM', 0, ''),
(985, 44, 158, 'Duf', ' 08/16/2016 05:25 AM', 0, ''),
(986, 42, 158, 'hcj', ' 08/16/2016 05:27 AM', 0, ''),
(987, 44, 158, 'Cydh', ' 08/16/2016 05:28 AM', 0, ''),
(988, 42, 158, 'hcj', ' 08/16/2016 05:29 AM', 0, ''),
(989, 42, 158, 'hcj', ' 08/16/2016 05:35 AM', 0, ''),
(990, 44, 158, 'Cgfhfhcchgdu', ' 08/16/2016 05:36 AM', 0, ''),
(991, 44, 158, 'Xtfhc8gu', ' 08/16/2016 05:41 AM', 0, ''),
(992, 42, 158, 'jfufjycb', ' 08/16/2016 05:43 AM', 0, ''),
(993, 44, 158, 'Xtfhc8gu', ' 08/16/2016 05:43 AM', 0, ''),
(994, 42, 158, 'xjgovj', ' 08/16/2016 05:48 AM', 0, ''),
(995, 42, 158, 'uv', ' 08/16/2016 05:49 AM', 0, ''),
(996, 42, 158, 'uv', ' 08/16/2016 05:50 AM', 0, ''),
(997, 42, 158, 'in gsj', ' 08/16/2016 05:58 AM', 0, ''),
(998, 42, 158, 's one', ' 08/16/2016 05:08 AM', 0, ''),
(999, 42, 158, 'view conversation and I am not', ' 08/16/2016 05:11 AM', 0, ''),
(1000, 44, 158, 'Hbjg', ' 08/16/2016 05:24 AM', 0, ''),
(1001, 42, 158, 'vjcc', ' 08/16/2016 05:29 AM', 0, ''),
(1002, 42, 158, 'hlo', ' 08/16/2016 05:42 AM', 0, ''),
(1003, 44, 158, 'Silly home', ' 08/16/2016 05:16 AM', 0, ''),
(1004, 42, 158, 'sp xhci', ' 08/16/2016 05:24 AM', 0, ''),
(1005, 42, 158, 'view conversation and I will be a bit of time and the same as the original post by guest', ' 08/16/2016 05:34 AM', 0, ''),
(1006, 44, 158, 'Ghfcjpj', ' 08/16/2016 05:43 AM', 0, ''),
(1007, 44, 158, 'Hfkgihjvj yvigoho stfvipi pougyrc djhohm. Dyfugkh dfipj rsryfuvjbl. Tfjho cuhofiho gfjgo dugohp fkjpk fonlk fiho fihojp hfihojfijpkv giho', ' 08/16/2016 05:19 AM', 0, ''),
(1008, 42, 158, 'the following document untitled John holmes as a great time with your phone and blackberry by email and I have to go back in town this is an issue', ' 08/16/2016 05:32 AM', 0, ''),
(1009, 44, 155, 'Yesd', ' 08/16/2016 05:50 AM', 0, ''),
(1010, 44, 155, 'Hii', ' 08/16/2016 05:39 AM', 0, ''),
(1011, 44, 133, 'Hii', ' 08/16/2016 05:06 AM', 0, ''),
(1012, 44, 133, 'Hii', ' 08/16/2016 05:09 AM', 0, ''),
(1013, 42, 133, 'hloo', ' 08/16/2016 05:25 AM', 0, ''),
(1014, 42, 133, 'hloo', ' 08/16/2016 05:28 AM', 0, ''),
(1015, 44, 133, '2time', ' 08/16/2016 05:39 AM', 0, ''),
(1016, 44, 133, '2time', ' 08/16/2016 05:42 AM', 0, ''),
(1017, 44, 133, '2time', ' 08/16/2016 05:44 AM', 0, ''),
(1018, 44, 133, '2time', ' 08/16/2016 05:49 AM', 0, ''),
(1019, 42, 133, 'gvb', ' 08/16/2016 05:27 AM', 0, ''),
(1020, 42, 133, 'gvb', ' 08/16/2016 05:30 AM', 0, ''),
(1021, 44, 133, 'Hgjf', ' 08/16/2016 05:31 AM', 0, ''),
(1022, 44, 133, 'Hgjf', ' 08/16/2016 05:34 AM', 0, ''),
(1023, 44, 133, 'Hgjf', ' 08/16/2016 05:37 AM', 0, ''),
(1024, 42, 133, '42 insert from server', ' 08/16/2016 05:03 AM', 0, ''),
(1025, 42, 133, 'hiiii', ' 08/16/2016 05:03 AM', 0, ''),
(1026, 42, 133, 'hiiii', ' 08/16/2016 05:06 AM', 0, ''),
(1027, 42, 133, '42 insert from server', ' 08/16/2016 05:58 AM', 0, ''),
(1028, 42, 133, 'hiii', ' 08/16/2016 05:19 AM', 0, ''),
(1029, 42, 133, 'hiii', ' 08/16/2016 05:22 AM', 0, ''),
(1030, 42, 155, 'hloo', ' 08/16/2016 05:27 AM', 0, ''),
(1031, 44, 155, 'Whtup', ' 08/16/2016 05:38 AM', 0, ''),
(1032, 42, 155, 'hf jk black cock in the same as last time we', ' 08/16/2016 05:49 AM', 0, ''),
(1033, 44, 155, 'Lya use code is in your internet pack is in your internet pack', ' 08/16/2016 05:05 AM', 0, ''),
(1034, 44, 155, 'Lya use code is in your internet pack is in your internet pack', ' 08/16/2016 05:08 AM', 0, ''),
(1035, 42, 155, 'hfk', ' 08/16/2016 05:45 AM', 0, ''),
(1036, 44, 155, '2 vr', ' 08/16/2016 05:52 AM', 0, ''),
(1037, 44, 155, '????', ' 08/16/2016 05:58 AM', 0, ''),
(1038, 42, 155, 'hfjhl', ' 08/16/2016 06:02 AM', 0, ''),
(1039, 42, 155, 'know your thoughts on the phone number is', ' 08/16/2016 06:07 AM', 0, ''),
(1040, 44, 155, 'Haanji', ' 08/16/2016 06:16 AM', 0, ''),
(1041, 42, 155, 'yess', ' 08/16/2016 06:20 AM', 0, ''),
(1042, 42, 155, 'what to expect to receive the email and delete', ' 08/16/2016 06:27 AM', 0, ''),
(1043, 44, 155, 'Ywsd especially hold your verification code', ' 08/16/2016 06:38 AM', 0, ''),
(1044, 42, 155, 'NJ jx', ' 08/16/2016 06:43 AM', 0, ''),
(1045, 44, 155, 'Janjkshid', ' 08/16/2016 06:52 AM', 0, ''),
(1046, 44, 133, 'Hoo', ' 08/16/2016 06:11 AM', 0, ''),
(1047, 44, 133, 'Hoo', ' 08/16/2016 06:14 AM', 0, ''),
(1048, 44, 133, 'Hoo', ' 08/16/2016 06:17 AM', 0, ''),
(1049, 44, 133, 'Hoo', ' 08/16/2016 06:19 AM', 0, ''),
(1050, 42, 155, 'hiii', ' 08/16/2016 06:04 AM', 0, ''),
(1051, 44, 155, 'Okaa aa', ' 08/16/2016 06:13 AM', 0, ''),
(1052, 44, 133, 'hi', ' 08/16/2016 06:14 AM', 0, ''),
(1053, 42, 155, 'thek chat history of fort north America the beautiful''draws fire department', ' 08/16/2016 06:37 AM', 0, ''),
(1054, 44, 155, 'Cig', ' 08/16/2016 06:43 AM', 0, ''),
(1055, 42, 155, 'fjgjcjjx', ' 08/16/2016 06:46 AM', 0, ''),
(1056, 44, 155, 'Gdvjd', ' 08/16/2016 06:48 AM', 0, ''),
(1057, 42, 155, 'gdhj', ' 08/16/2016 06:50 AM', 0, ''),
(1058, 42, 158, 'hi', ' 08/16/2016 06:19 AM', 0, ''),
(1059, 42, 155, 'hfhfh', ' 08/16/2016 06:52 AM', 0, ''),
(1060, 44, 155, 'Xxiok', ' 08/16/2016 06:53 AM', 0, ''),
(1061, 44, 133, 'last msg', ' 08/16/2016 06:11 AM', 0, ''),
(1062, 42, 133, 'hi', ' 08/16/2016 06:15 AM', 0, ''),
(1063, 42, 133, 'hi', ' 08/16/2016 06:18 AM', 0, ''),
(1064, 42, 133, 'GUI order for me know what I', ' 08/16/2016 06:17 AM', 0, ''),
(1065, 44, 133, 'Hloo', ' 08/16/2016 06:37 AM', 0, ''),
(1066, 42, 133, 'GUI order for me know what I', ' 08/16/2016 06:37 AM', 0, ''),
(1067, 44, 133, 'Hloo', ' 08/16/2016 06:40 AM', 0, ''),
(1068, 44, 133, 'Hloo', ' 08/16/2016 06:42 AM', 0, ''),
(1069, 44, 133, 'Hloo', ' 08/16/2016 06:48 AM', 0, ''),
(1070, 42, 133, 'goh', ' 08/16/2016 06:25 AM', 0, ''),
(1071, 47, 155, 'fjvhv', ' 08/16/2016 06:10 AM', 0, ''),
(1072, 44, 155, 'Hloo', ' 08/16/2016 06:14 AM', 0, ''),
(1073, 44, 155, 'Monika', ' 08/16/2016 06:33 AM', 0, ''),
(1074, 44, 155, 'Hloo', ' 08/16/2016 06:34 AM', 0, ''),
(1075, 44, 155, 'Hi', ' 08/16/2016 06:58 AM', 0, ''),
(1076, 44, 155, 'Hi', ' 08/16/2016 06:18 AM', 0, ''),
(1077, 42, 155, 'Holi', ' 08/16/2016 06:35 AM', 0, ''),
(1078, 47, 155, 'hoo', ' 08/16/2016 06:56 AM', 0, ''),
(1079, 44, 155, 'Jii', ' 08/16/2016 06:00 AM', 0, ''),
(1080, 47, 155, 'hi', ' 08/16/2016 06:14 AM', 0, ''),
(1081, 44, 155, 'Jii', ' 08/16/2016 06:20 AM', 0, ''),
(1082, 44, 155, 'Jii', ' 08/16/2016 06:41 AM', 0, ''),
(1083, 44, 155, 'Notifications aarhe h k nai', ' 08/16/2016 06:49 AM', 0, ''),
(1084, 47, 155, 'haan', ' 08/16/2016 06:34 AM', 0, ''),
(1085, 44, 155, '09876543211', ' 08/16/2016 06:20 AM', 0, ''),
(1086, 44, 155, '09876543211', ' 08/16/2016 06:41 AM', 0, ''),
(1087, 47, 155, 'status of the day', ' 08/16/2016 06:06 AM', 0, ''),
(1088, 47, 155, 'view full results', ' 08/16/2016 07:26 AM', 0, ''),
(1089, 44, 155, 'Yess dekh kini door tak ta koi na kam hi aa', ' 08/16/2016 07:01 AM', 0, ''),
(1090, 44, 155, 'Hvdjchp', ' 08/16/2016 07:15 AM', 0, ''),
(1091, 42, 155, 'Hii me bright roots', ' 08/16/2016 07:58 AM', 0, ''),
(1092, 44, 155, 'Hello roots', ' 08/16/2016 07:12 AM', 0, ''),
(1093, 44, 155, 'Hello roots', ' 08/16/2016 07:32 AM', 0, ''),
(1094, 42, 155, 'Whats up', ' 08/16/2016 07:34 AM', 0, ''),
(1095, 42, 155, 'Hiii', ' 08/16/2016 07:44 AM', 0, ''),
(1096, 44, 155, 'Hyy', ' 08/16/2016 07:38 AM', 0, ''),
(1097, 42, 155, 'Ghhhh gob jkb high igkv ggv fjfbdbr cjckckxxjx if oh', ' 08/16/2016 07:58 AM', 0, ''),
(1098, 44, 155, 'Hyy', ' 08/16/2016 07:59 AM', 0, ''),
(1099, 44, 155, 'check server ll', ' 08/16/2016 07:29 AM', 0, ''),
(1100, 44, 155, 'Fuhicg', ' 08/16/2016 07:47 AM', 0, ''),
(1101, 44, 155, 'Cjhohfv', ' 08/16/2016 07:07 AM', 0, ''),
(1102, 44, 155, 'check server ll', ' 08/16/2016 07:19 AM', 0, ''),
(1103, 44, 155, 'check server ll', ' 08/16/2016 07:19 AM', 0, ''),
(1104, 46, 160, 'hi', ' 08/16/2016 02:26 PM', 0, ''),
(1105, 44, 155, 'hiii', ' 08/17/2016 12:49 AM', 0, ''),
(1106, 42, 155, 'hlo', ' 08/17/2016 12:05 AM', 0, ''),
(1107, 42, 155, 'apptesting', ' 08/17/2016 12:12 AM', 0, ''),
(1108, 44, 155, 'yes', ' 08/17/2016 12:16 AM', 0, ''),
(1109, 44, 155, 'and I will be able have to be', ' 08/17/2016 12:28 AM', 0, ''),
(1110, 42, 155, 'okay', ' 08/17/2016 12:35 AM', 0, ''),
(1111, 42, 155, 'then whTt', ' 08/17/2016 12:48 AM', 0, ''),
(1112, 44, 155, 'yup', ' 08/17/2016 12:53 AM', 0, ''),
(1113, 44, 155, 'nothing is the best regards', ' 08/17/2016 12:59 AM', 0, ''),
(1114, 42, 155, 'hcvh gjkoyv', ' 08/17/2016 12:11 AM', 0, ''),
(1115, 42, 155, 'hkot', ' 08/17/2016 12:29 AM', 0, ''),
(1116, 42, 155, 'cuh', ' 08/17/2016 12:30 AM', 0, ''),
(1117, 44, 155, 'djfhhx', ' 08/17/2016 12:35 AM', 0, ''),
(1118, 44, 155, 'u would like this is a great weekend', ' 08/17/2016 12:43 AM', 0, ''),
(1119, 42, 155, 'really good at all times are you doing today and', ' 08/17/2016 12:53 AM', 0, ''),
(1120, 44, 155, 'okasfh', ' 08/17/2016 12:08 AM', 0, ''),
(1121, 44, 155, 'xfujfg', ' 08/17/2016 12:17 AM', 0, ''),
(1122, 44, 155, 'global', ' 08/17/2016 12:16 AM', 0, ''),
(1123, 44, 155, 'hiiiigjfhjd', ' 08/17/2016 12:25 AM', 0, ''),
(1124, 44, 155, 'hdk', ' 08/17/2016 12:30 AM', 0, ''),
(1125, 44, 155, 'hill', ' 08/17/2016 12:34 AM', 0, ''),
(1126, 44, 155, 'jgdl', ' 08/17/2016 12:37 AM', 0, ''),
(1127, 42, 155, 'Hello', ' 08/17/2016 12:04 AM', 0, ''),
(1128, 42, 155, 'Leda', ' 08/17/2016 12:10 AM', 0, ''),
(1129, 42, 155, 'Kedda', ' 08/17/2016 12:19 AM', 0, ''),
(1130, 44, 155, 'Hugh Grant ''s ty', ' 08/17/2016 12:25 AM', 0, ''),
(1131, 44, 155, 'posted on', ' 08/17/2016 12:35 AM', 0, ''),
(1132, 44, 155, 'posted on Wednesday', ' 08/17/2016 12:44 AM', 0, ''),
(1133, 42, 155, 'Gyidgj', ' 08/17/2016 12:51 AM', 0, ''),
(1134, 42, 155, 'Fjf', ' 08/17/2016 12:53 AM', 0, ''),
(1135, 42, 155, 'Dgjh', ' 08/17/2016 12:54 AM', 0, ''),
(1136, 42, 155, 'Xfhg', ' 08/17/2016 12:55 AM', 0, ''),
(1137, 44, 155, 'gxyfyccv', ' 08/17/2016 12:00 AM', 0, ''),
(1138, 42, 155, 'Hg', ' 08/17/2016 12:05 AM', 0, ''),
(1139, 42, 155, 'Huff', ' 08/17/2016 12:26 AM', 0, ''),
(1140, 42, 155, 'Fghhj', ' 08/17/2016 12:57 AM', 0, ''),
(1141, 42, 155, 'Fjf', ' 08/17/2016 01:30 AM', 0, ''),
(1142, 42, 155, 'Hiii', ' 08/17/2016 01:05 AM', 0, ''),
(1143, 42, 155, 'Hihrhdbo', ' 08/17/2016 01:18 AM', 0, ''),
(1144, 44, 155, 'hello', ' 08/17/2016 01:06 AM', 0, ''),
(1145, 44, 155, 'you are going r the only way to be at my', ' 08/17/2016 01:17 AM', 0, ''),
(1146, 42, 155, 'HDFFDJ', ' 08/17/2016 01:41 AM', 0, ''),
(1147, 44, 155, 'Blv', ' 08/17/2016 01:54 AM', 0, ''),
(1148, 44, 155, 'hvh', ' 08/17/2016 01:55 AM', 0, ''),
(1149, 44, 155, 'fh', ' 08/17/2016 01:56 AM', 0, ''),
(1150, 44, 155, 'Hoffman is the', ' 08/17/2016 01:01 AM', 0, ''),
(1151, 42, 155, 'Dhjyf fhj ghhhh ghh faulted qwerty', ' 08/17/2016 01:14 AM', 0, ''),
(1152, 42, 155, 'bgbyb', ' 08/17/2016 03:48 AM', 0, ''),
(1153, 42, 155, 'hvhvhb', ' 08/17/2016 03:09 AM', 0, ''),
(1154, 42, 155, 'gvgvgvf f', ' 08/17/2016 03:03 AM', 0, ''),
(1155, 42, 155, 'vgvtv', ' 08/17/2016 03:52 AM', 0, ''),
(1156, 42, 155, 'bfncnfnf', ' 08/17/2016 03:27 AM', 0, ''),
(1157, 42, 155, 'cjfkffjfjg', ' 08/17/2016 03:35 AM', 0, ''),
(1158, 42, 157, 'hil', ' 08/17/2016 03:14 AM', 0, ''),
(1159, 42, 157, 'hi', ' 08/17/2016 03:24 AM', 0, ''),
(1160, 42, 157, 'ckbp', ' 08/17/2016 03:41 AM', 0, ''),
(1161, 42, 157, 'ckbp', ' 08/17/2016 03:42 AM', 0, ''),
(1162, 47, 157, 'brtbfbyb', ' 08/17/2016 03:36 AM', 0, ''),
(1163, 47, 157, 'fbtbtby', ' 08/17/2016 03:43 AM', 0, ''),
(1164, 47, 157, 'gflffa', ' 08/17/2016 03:53 AM', 0, ''),
(1165, 47, 159, 'hiii', ' 08/17/2016 04:49 AM', 0, ''),
(1166, 47, 153, 'ft fjfnfnfk', ' 08/17/2016 04:22 AM', 0, ''),
(1167, 47, 153, 'rh', ' 08/17/2016 04:26 AM', 0, ''),
(1168, 47, 153, 'bkcjckvk', ' 08/17/2016 04:59 AM', 0, ''),
(1169, 47, 153, 'ifzh', ' 08/17/2016 04:05 AM', 0, ''),
(1170, 47, 153, 'my topic wali event h ye', ' 08/17/2016 05:47 AM', 0, ''),
(1171, 47, 153, 'Maui away ka event msg', ' 08/17/2016 05:00 AM', 0, ''),
(1172, 47, 153, 'Maui mam', ' 08/17/2016 05:04 AM', 0, ''),
(1173, 47, 153, 'also mamdaa', ' 08/17/2016 05:13 AM', 0, ''),
(1174, 47, 153, 'kyu hi aata', ' 08/17/2016 05:19 AM', 0, ''),
(1175, 47, 153, 'are aap be kya kiya', ' 08/17/2016 05:26 AM', 0, ''),
(1176, 42, 153, 'Aaallalkzjsjsjsjjd', ' 08/17/2016 05:50 AM', 0, ''),
(1177, 47, 153, 'hlo', ' 08/17/2016 05:43 AM', 0, ''),
(1178, 47, 153, 'kyu haal j', ' 08/17/2016 05:47 AM', 0, ''),
(1179, 47, 153, 'lift and the same thing happened with you to know if there', ' 08/17/2016 05:00 AM', 0, ''),
(1180, 47, 153, 'ma''am', ' 08/17/2016 05:07 AM', 0, ''),
(1181, 47, 153, 'hlo', ' 08/17/2016 05:55 AM', 0, ''),
(1182, 47, 153, 'kidan', ' 08/17/2016 05:01 AM', 0, ''),
(1183, 47, 153, 'lift krdi', ' 08/17/2016 05:06 AM', 0, ''),
(1184, 47, 153, 'HP laptop with your company that the phone number for me as', ' 08/17/2016 05:18 AM', 0, ''),
(1185, 44, 138, 'Fh', ' 08/17/2016 05:39 AM', 0, ''),
(1186, 47, 153, 'yuhffc', ' 08/17/2016 05:02 AM', 0, ''),
(1187, 47, 153, 'yuhffc', ' 08/17/2016 05:05 AM', 0, ''),
(1188, 47, 153, 'fugch', ' 08/17/2016 05:09 AM', 0, ''),
(1189, 47, 153, 'hjgccxgh', ' 08/17/2016 05:34 AM', 0, ''),
(1190, 47, 153, 'ghh', ' 08/17/2016 05:38 AM', 0, ''),
(1191, 44, 162, 'Hl', ' 08/17/2016 06:21 AM', 0, ''),
(1192, 44, 162, 'Hiiiii navuu', ' 08/17/2016 06:05 AM', 0, ''),
(1193, 44, 162, 'Nahi ayi notifications', ' 08/17/2016 06:27 AM', 0, ''),
(1194, 44, 162, 'Hlo', ' 08/17/2016 06:07 AM', 0, ''),
(1195, 44, 162, 'Ayii modification''s', ' 08/17/2016 06:24 AM', 0, ''),
(1196, 44, 162, 'Check kro', ' 08/17/2016 06:28 AM', 0, ''),
(1197, 44, 162, 'Hloo', ' 08/17/2016 06:40 AM', 0, ''),
(1198, 44, 162, 'Kida', ' 08/17/2016 06:47 AM', 0, ''),
(1199, 44, 162, 'Nahi ayi', ' 08/17/2016 06:53 AM', 0, ''),
(1200, 44, 162, 'Hlo', ' 08/17/2016 06:55 AM', 0, ''),
(1201, 44, 162, 'Body there', ' 08/17/2016 06:01 AM', 0, ''),
(1202, 44, 162, 'Anybody*', ' 08/17/2016 06:10 AM', 0, ''),
(1203, 44, 162, 'M keep msging', ' 08/17/2016 06:29 AM', 0, ''),
(1204, 44, 162, 'Hl', ' 08/17/2016 06:32 AM', 0, ''),
(1205, 44, 162, 'Hlo', ' 08/17/2016 06:34 AM', 0, ''),
(1206, 44, 162, 'Reply', ' 08/17/2016 06:37 AM', 0, ''),
(1207, 44, 138, 'Gl ni c fr m aa aj ta m aa', ' 08/17/2016 06:52 AM', 0, ''),
(1208, 44, 157, 'fg', ' 08/17/2016 06:09 AM', 0, ''),
(1209, 44, 157, 'fg', ' 08/17/2016 06:23 AM', 0, ''),
(1210, 44, 157, 'fg', ' 08/17/2016 06:46 AM', 0, ''),
(1211, 44, 157, 'fg', ' 08/17/2016 06:07 AM', 0, ''),
(1212, 44, 157, 'fg', ' 08/17/2016 06:27 AM', 0, ''),
(1213, 44, 157, 'fg', ' 08/17/2016 06:20 AM', 0, ''),
(1214, 44, 157, 'fg', ' 08/17/2016 06:36 AM', 0, ''),
(1215, 44, 157, 'fg', ' 08/17/2016 06:52 AM', 0, ''),
(1216, 44, 157, 'fg', ' 08/17/2016 06:28 AM', 0, ''),
(1217, 44, 157, 'fg', ' 08/17/2016 06:55 AM', 0, ''),
(1218, 44, 157, 'fg', ' 08/17/2016 06:08 AM', 0, ''),
(1219, 44, 157, 'fg', ' 08/17/2016 06:52 AM', 0, ''),
(1220, 44, 157, 'fg', ' 08/17/2016 07:56 AM', 0, ''),
(1221, 44, 157, 'fg', ' 08/17/2016 07:12 AM', 0, ''),
(1222, 44, 157, 'fg', ' 08/17/2016 07:42 AM', 0, ''),
(1223, 44, 157, 'hi', ' 08/18/2016 10:45 PM', 0, ''),
(1224, 44, 157, 'hi', ' 08/18/2016 10:11 PM', 0, ''),
(1225, 44, 157, 'hi', ' 08/18/2016 10:34 PM', 0, ''),
(1226, 47, 157, 'hck', ' 08/19/2016 12:32 AM', 0, ''),
(1227, 44, 157, 'Hoihhc', ' 08/19/2016 12:43 AM', 0, ''),
(1228, 44, 157, 'Hloooi', ' 08/19/2016 01:38 AM', 0, ''),
(1229, 44, 159, 'Its working', ' 08/19/2016 01:57 AM', 0, ''),
(1230, 44, 159, '????', ' 08/19/2016 01:01 AM', 0, ''),
(1231, 44, 157, 'hi', ' 08/19/2016 02:34 AM', 0, ''),
(1232, 44, 157, 'hi', ' 08/19/2016 02:00 AM', 0, ''),
(1233, 44, 157, 'hi', ' 08/19/2016 02:08 AM', 0, ''),
(1234, 44, 157, 'hehrewhriuwehf hf refh ueirghegiruferiug giurehfgiurfi erhf erhgfi nhg hergh ernggheir gh erguigheruhgrinverugh  bvirughevb hfgebv reugeibieugv iiughieurhgeiru hgbvirugrifueirfgieurgiugheruighiverbgvbnb', ' 08/19/2016 02:23 AM', 0, ''),
(1235, 44, 157, 'hehrewhriuwehf hf refh ueirghegiruferiug giurehfgiurfi erhf erhgfi nhg hergh ernggheir gh erguigheruhgrinverugh  bvirughevb hfgebv reugeibieugv iiughieurhgeiru hgbvirugrifueirfgieurgiugheruighiverbgvbnb', ' 08/19/2016 02:19 AM', 0, ''),
(1236, 44, 157, 'hehrewhriuwehf hf refh ueirghegiruferiug giurehfgiurfi erhf erhgfi nhg hergh ernggheir gh erguigheruhgrinverugh  bvirughevb hfgebv reugeibieugv iiughieurhgeiru hgbvirugrifueirfgieurgiugheruighiverbgvbnb', ' 08/19/2016 02:50 AM', 0, ''),
(1237, 44, 157, 'hehrewhriuwehf hf refh ueirghegiruferiug giurehfgiurfi erhf erhgfi nhg hergh ernggheir gh erguigheruhgrinverugh  bvirughevb hfgebv reugeibieugv iiughieurhgeiru hgbvirugrifueirfgieurgiugheruighiverbgvbnb', ' 08/19/2016 02:23 AM', 0, ''),
(1238, 44, 157, 'hii', ' 08/19/2016 02:43 AM', 0, ''),
(1239, 44, 157, 'nabuu', ' 08/19/2016 02:49 AM', 0, ''),
(1240, 44, 157, 'keda aa', ' 08/19/2016 02:57 AM', 0, ''),
(1241, 42, 157, 'Heeedhhxghcgvccvvcfhb', ' 08/19/2016 02:36 AM', 0, ''),
(1242, 42, 157, 'Ncvjffj', ' 08/19/2016 02:57 AM', 0, ''),
(1243, 44, 157, 'kiovjgi', ' 08/19/2016 02:33 AM', 0, ''),
(1244, 44, 157, 'vbf', ' 08/19/2016 02:34 AM', 0, ''),
(1245, 42, 157, 'hi pawan', ' 08/19/2016 02:53 AM', 0, ''),
(1246, 42, 157, 'hi pawan', ' 08/19/2016 03:48 AM', 0, ''),
(1247, 42, 157, 'hi pawan', ' 08/19/2016 03:20 AM', 0, ''),
(1248, 42, 157, 'hi pawan', ' 08/19/2016 03:40 AM', 0, ''),
(1249, 42, 157, 'hi pawan', ' 08/19/2016 03:48 AM', 0, ''),
(1250, 42, 157, 'hi pawan', ' 08/19/2016 03:58 AM', 0, ''),
(1251, 44, 157, 'hiiii', ' 08/19/2016 03:31 AM', 0, ''),
(1252, 44, 157, 'hello', ' 08/19/2016 03:48 AM', 0, ''),
(1253, 44, 157, 'mLli', ' 08/19/2016 03:56 AM', 0, ''),
(1254, 44, 157, 'mallu', ' 08/19/2016 03:01 AM', 0, ''),
(1255, 44, 157, 'mera bhallu', ' 08/19/2016 03:09 AM', 0, ''),
(1256, 44, 157, 'hi pawan', ' 08/19/2016 03:39 AM', 0, ''),
(1257, 44, 157, 'hi pawan', ' 08/19/2016 03:54 AM', 0, ''),
(1258, 44, 157, 'hi pawan', ' 08/19/2016 03:07 AM', 0, ''),
(1259, 44, 157, 'hi pawan', ' 08/19/2016 03:37 AM', 0, ''),
(1260, 42, 138, 'Fjfbdbr fbfhfhf fjf kid slender fjfbdbr fjjd Deneb dndhello djfbdkjf fjf flight', ' 08/19/2016 07:57 AM', 0, ''),
(1261, 42, 168, 'ufug', ' 08/19/2016 11:18 PM', 0, ''),
(1262, 44, 157, 'gfgerg', ' 08/20/2016 12:47 AM', 0, ''),
(1263, 42, 168, 'uehdhd', ' 08/20/2016 12:10 AM', 0, ''),
(1264, 44, 167, 'Hiii', ' 08/20/2016 01:59 AM', 0, ''),
(1265, 44, 167, 'Hloo', ' 08/20/2016 01:55 AM', 0, ''),
(1266, 42, 167, 'gjk', ' 08/20/2016 01:11 AM', 0, ''),
(1267, 42, 167, 'bloody and it has to offer for you have received', ' 08/20/2016 01:41 AM', 0, ''),
(1268, 44, 167, 'Hti chk bn ik gal aj hi c k fr ki de ta koi ni c k hi', ' 08/20/2016 01:11 AM', 0, ''),
(1269, 42, 167, 'ashaa', ' 08/20/2016 01:19 AM', 0, ''),
(1270, 42, 167, 'kya to get back with me on', ' 08/20/2016 01:29 AM', 0, ''),
(1271, 42, 167, 'utighdu', ' 08/20/2016 01:44 AM', 0, ''),
(1272, 44, 167, 'Very had GCB', ' 08/20/2016 01:51 AM', 0, ''),
(1273, 42, 167, 'if hi his family in your area for me but not', ' 08/20/2016 01:57 AM', 0, ''),
(1274, 44, 167, 'Dhhigtdxbjkh', ' 08/20/2016 01:00 AM', 0, ''),
(1275, 42, 167, 'hotidujc', ' 08/20/2016 01:02 AM', 0, ''),
(1276, 42, 167, 'Audi and a good weekend to go for your', ' 08/20/2016 01:07 AM', 0, ''),
(1277, 44, 167, 'Gbiv', ' 08/20/2016 03:39 AM', 0, ''),
(1278, 42, 168, 'HGJGHJ', ' 08/20/2016 03:44 AM', 0, ''),
(1279, 42, 168, 'Jghjghjk', ' 08/20/2016 03:48 AM', 0, ''),
(1280, 42, 167, 'Jhjj koi', ' 08/20/2016 03:54 AM', 0, ''),
(1281, 42, 167, 'K junk JKLJLJ k jhjj. Jhjj jhj jhj jhj ok k key uuuuyiuyuyk', ' 08/20/2016 03:06 AM', 0, ''),
(1282, 44, 167, 'Cvknfi', ' 08/20/2016 03:45 AM', 0, ''),
(1283, 44, 167, 'Hello', ' 08/20/2016 03:14 AM', 0, ''),
(1284, 44, 172, 'Num ni ja j tenu dekh kini door', ' 08/20/2016 03:37 AM', 0, ''),
(1285, 42, 159, 'Rightghhgfhgjgjhjuyjuyjuyn yjjy', ' 08/20/2016 04:20 AM', 0, ''),
(1286, 42, 159, 'Yes', ' 08/20/2016 04:05 AM', 0, ''),
(1287, 42, 159, 'U r ryt', ' 08/20/2016 04:19 AM', 0, ''),
(1288, 44, 157, 'gfgerg', ' 08/20/2016 06:53 AM', 0, ''),
(1289, 44, 159, 'gfgerg', ' 08/20/2016 06:41 AM', 0, ''),
(1290, 44, 159, 'gfgerg', ' 08/20/2016 06:53 AM', 0, ''),
(1291, 44, 159, 'gfgerg', ' 08/20/2016 06:07 AM', 0, ''),
(1292, 44, 159, 'gfgerg', ' 08/20/2016 06:35 AM', 0, ''),
(1293, 44, 159, 'gfgerg', ' 08/20/2016 06:53 AM', 0, ''),
(1294, 44, 159, 'gfgerg', ' 08/20/2016 06:01 AM', 0, ''),
(1295, 44, 159, 'gfgerg11', ' 08/20/2016 06:55 AM', 0, ''),
(1296, 44, 159, 'gfgerg11', ' 08/20/2016 06:29 AM', 0, ''),
(1297, 44, 159, 'gfgerg11', ' 08/20/2016 06:48 AM', 0, ''),
(1298, 42, 159, 'Keep your eyes closed', ' 08/20/2016 06:22 AM', 0, ''),
(1299, 44, 159, 'gfgerg11', ' 08/20/2016 06:40 AM', 0, ''),
(1300, 44, 159, 'gfgerg11', ' 08/20/2016 06:03 AM', 0, ''),
(1301, 44, 159, 'gfgerg11', ' 08/20/2016 06:09 AM', 0, ''),
(1302, 44, 159, 'gfgerg11', ' 08/20/2016 06:40 AM', 0, ''),
(1303, 44, 159, 'gfgerg11', ' 08/20/2016 06:44 AM', 0, ''),
(1304, 44, 159, '????????????????????????', ' 08/20/2016 06:37 AM', 0, ''),
(1305, 45, 162, 'Testing', ' 08/20/2016 12:06 PM', 0, ''),
(1306, 42, 162, 'Ok', ' 08/21/2016 10:17 PM', 0, ''),
(1307, 42, 162, 'See you tomorrow', ' 08/21/2016 10:34 PM', 0, ''),
(1308, 42, 172, 'hello', '08-22-2016 12:53 pm', 0, ''),
(1309, 42, 172, 'yess', '08/22/2016 12:54 pm', 0, ''),
(1310, 42, 172, 'Good', '08/22/2016 12:58 PM', 0, ''),
(1311, 42, 158, '(Y)', '08/22/2016 12:59 PM', 0, ''),
(1312, 42, 158, ';-)', '08/22/2016 13:00 pm', 0, ''),
(1317, 42, 260, '', ' 08/22/2016 03:45 AM', 0, 'join'),
(1318, 44, 181, '', ' 08/22/2016 03:04 AM', 0, 'join'),
(1319, 42, 260, '', ' 08/22/2016 03:12 AM', 0, 'join'),
(1320, 42, 260, '', ' 08/22/2016 03:39 AM', 0, 'join'),
(1321, 42, 158, 'Fgfgtyfyfgh', '08/22/2016 15:18 PM', 0, 'chat'),
(1322, 42, 260, '', ' 08/22/2016 03:02 AM', 0, 'join'),
(1323, 42, 158, 'Though', '08/22/2016 15:20 PM', 0, 'chat'),
(1324, 42, 158, 'Hilo', '08/22/2016 15:20 PM', 0, 'chat'),
(1325, 42, 158, 'Our', '08/22/2016 15:20 PM', 0, 'chat'),
(1326, 42, 158, 'Like', '08/22/2016 15:20 PM', 0, 'chat'),
(1327, 42, 158, 'Uuuuyiuyuyk', '08/22/2016 15:20 PM', 0, 'chat'),
(1328, 42, 158, 'Op;9ouioyou', '08/22/2016 15:23 PM', 0, 'chat'),
(1329, 42, 260, '', ' 08/22/2016 03:05 AM', 0, 'join'),
(1330, 42, 158, 'HGJGHJ', '08/22/2016 15:25 PM', 0, 'chat'),
(1331, 42, 260, '', ' 08/22/2016 03:05 AM', 0, 'join'),
(1332, 44, 181, '', ' 08/22/2016 03:23 AM', 0, 'join'),
(1333, 42, 181, '', ' 08/22/2016 04:21 AM', 0, 'join'),
(1334, 44, 181, 'jlojgd', '08/22/2016 15:30 PM', 0, 'chat'),
(1335, 44, 181, 'cjgufdo', '08/22/2016 15:31 PM', 0, 'chat'),
(1336, 42, 181, 'Like', '08/22/2016 15:41 PM', 0, 'chat'),
(1337, 42, 182, '', ' 08/22/2016 04:25 AM', 0, 'join'),
(1338, 43, 182, 'Hello', '08/22/2016 15:49 PM', 0, 'chat'),
(1339, 44, 162, 'gdug', '08/22/2016 18:32 PM', 0, 'chat'),
(1340, 44, 162, 'xhj', '08/22/2016 18:32 PM', 0, 'chat'),
(1341, 42, 181, 'Okkkkkk', '08/23/2016 09:56 AM', 0, 'chat'),
(1342, 42, 181, 'Ki Hoya', '08/23/2016 09:56 AM', 0, 'chat'),
(1343, 42, 181, 'Great', '08/23/2016 09:56 AM', 0, 'chat'),
(1344, 42, 190, 'Time \nHo gyaa', '08/23/2016 10:29 AM', 0, 'chat'),
(1345, 42, 191, 'Hello', '08/23/2016 11:05 AM', 0, 'chat'),
(1346, 44, 191, '', ' 08/22/2016 11:37 PM', 0, 'join'),
(1347, 42, 191, 'Good', '08/23/2016 11:18 AM', 0, 'chat'),
(1348, 42, 193, '', ' 08/22/2016 11:57 PM', 0, 'join'),
(1349, 44, 191, 'good good', '08/23/2016 11:36 AM', 0, 'chat'),
(1350, 42, 193, 'Great', '08/23/2016 11:37 AM', 0, 'chat'),
(1351, 42, 194, '', ' 08/23/2016 12:17 AM', 0, 'join'),
(1352, 42, 191, 'Fc nfrf the gr gee bvjkbvghdf get good inferno Greg fg bgr grab ghrgggg rook he. Get hghg he g erg heather ghrgggg hg Rhett bv bug bbegrfferfregng895ggjdtr8gu. Tutu 45t894tu5 ut9u45t YFGFGDJGJHky r n f', '08/23/2016 11:45 AM', 0, 'chat'),
(1353, 42, 200, '', ' 08/23/2016 12:13 AM', 0, 'join'),
(1354, 42, 191, 'oooooooooo', '08/23/2016 12:08 pm', 0, 'chat'),
(1355, 42, 200, 'Fgfg dff', '08/23/2016 17:03 PM', 0, 'chat'),
(1356, 42, 191, 'Fgre', '08/23/2016 17:09 PM', 0, 'chat'),
(1357, 42, 191, 'Getty', '08/23/2016 17:11 PM', 0, 'chat'),
(1358, 42, 200, 'Ghgh', '08/23/2016 17:11 PM', 0, 'chat'),
(1359, 42, 200, 'Good', '08/23/2016 17:17 PM', 0, 'chat'),
(1360, 42, 191, 'Kiki', '08/23/2016 17:18 PM', 0, 'chat'),
(1361, 42, 191, 'Df fdgfg', '08/23/2016 17:21 PM', 0, 'chat'),
(1362, 42, 200, 'Hghg', '08/23/2016 17:21 PM', 0, 'chat'),
(1363, 42, 200, 'HYJGHY', '08/23/2016 17:24 PM', 0, 'chat'),
(1364, 42, 191, 'Good', '08/23/2016 17:24 PM', 0, 'chat'),
(1365, 42, 191, 'Ghgh', '08/23/2016 17:25 PM', 0, 'chat'),
(1366, 44, 191, 'hello', '08/23/2016 5:34 PM', 0, 'chat'),
(1367, 44, 191, 'hello', '08/23/2016 5:34 PM', 0, 'chat'),
(1368, 44, 191, 'hello', '08/23/2016 5:34 PM', 0, 'chat'),
(1369, 44, 191, 'hello', '08/23/2016 5:34 PM', 0, 'chat'),
(1370, 44, 191, 'hello', '08/23/2016 5:34 PM', 0, 'chat'),
(1371, 44, 200, 'hello', '08/23/2016 5:34 PM', 0, 'chat'),
(1372, 44, 200, 'hello', '08/23/2016 5:34 PM', 0, 'chat'),
(1373, 42, 200, 'Gfffg tdf', '08/23/2016 17:54 PM', 0, 'chat'),
(1374, 42, 200, 'Ere', '08/23/2016 17:54 PM', 0, 'chat'),
(1375, 42, 191, 'Yhthththyygrtgytyrtgyrthytr', '08/23/2016 17:55 PM', 0, 'chat'),
(1376, 47, 191, '', ' 08/23/2016 06:16 AM', 0, 'join'),
(1377, 42, 191, 'Good', '08/23/2016 17:57 PM', 0, 'chat'),
(1378, 44, 191, 'yeah', '08/23/2016 17:58 PM', 0, 'chat'),
(1379, 44, 191, 'hello', '08/23/2016 17:58 PM', 0, 'chat'),
(1380, 42, 191, 'Monika Arora is added', '08/23/2016 18:00 PM', 0, 'chat'),
(1381, 42, 192, '', ' 08/24/2016 06:25 AM', 0, 'join'),
(1382, 44, 204, 'dhvf', '08/25/2016 15:24 pm', 0, 'chat'),
(1383, 44, 205, '', ' 08/25/2016 04:09 AM', 0, 'join'),
(1384, 50, 208, 'Hgfghxd to be the first place I for the rest of the is the most only a couple weeks days ago I when we', '08/26/2016 12:37 PM', 0, 'chat'),
(1385, 50, 208, 'The best first person', '08/26/2016 12:37 PM', 0, 'chat'),
(1386, 50, 208, 'Shad guck uuj. I http in up to a date to be the same first place I can get see my tweets are so much for the next rest of the my story on a my', '08/26/2016 12:37 PM', 0, 'chat'),
(1387, 50, 208, 'The best g', '08/26/2016 12:37 PM', 0, 'chat'),
(1388, 50, 208, 'Gujarat', '08/26/2016 12:37 PM', 0, 'chat'),
(1389, 50, 213, '', ' 08/26/2016 03:00 AM', 0, 'join'),
(1390, 44, 214, '', ' 08/26/2016 03:03 AM', 0, 'join'),
(1391, 50, 213, '', ' 08/26/2016 03:55 AM', 0, 'join'),
(1392, 44, 214, '', ' 08/26/2016 03:10 AM', 0, 'join'),
(1393, 44, 214, '', ' 08/26/2016 03:47 AM', 0, 'join'),
(1394, 50, 217, '', ' 08/26/2016 04:58 AM', 0, 'join'),
(1395, 50, 213, '', ' 08/26/2016 04:34 AM', 0, 'join'),
(1396, 44, 219, '', ' 08/26/2016 04:32 AM', 0, 'join'),
(1397, 44, 218, '', ' 08/26/2016 04:24 AM', 0, 'join'),
(1398, 50, 221, '', ' 08/26/2016 04:52 AM', 0, 'join'),
(1399, 50, 219, 'Hii', '08/26/2016 15:57 PM', 0, 'chat'),
(1400, 50, 219, 'Hellooo', '08/26/2016 15:57 PM', 0, 'chat'),
(1401, 50, 219, 'Gnjjgffgg', '08/26/2016 15:57 PM', 0, 'chat'),
(1402, 50, 219, 'Fun', '08/26/2016 15:57 PM', 0, 'chat'),
(1403, 50, 219, 'Hgfghxd', '08/26/2016 15:57 PM', 0, 'chat'),
(1404, 44, 219, 'where ios', '08/26/2016 15:58 PM', 0, 'chat'),
(1405, 50, 219, 'M here', '08/26/2016 15:57 PM', 0, 'chat'),
(1406, 50, 219, 'Android', '08/26/2016 15:57 PM', 0, 'chat'),
(1407, 50, 219, 'Fxtudifcici', '08/26/2016 15:57 PM', 0, 'chat'),
(1408, 50, 219, 'Udicficiofodoggtiy is \n\n\n\n\nDhf\n\nDhf\nNo\nEnds', '08/26/2016 15:57 PM', 0, 'chat'),
(1409, 44, 219, 'fjtjtjrh\ns\ndhfnfkmgktj\n\nhdjfmgm\nhdng\nzvdhfkf\ndbf\n\n\n\n\n\n\n\n\nhh', '08/26/2016 15:59 PM', 0, 'chat'),
(1410, 44, 219, 'hello mam go with it and it was a good time and I will send it to me and I am going on the following\n\nview conversation I had a good idea for the same as a good idea for a while', '08/26/2016 15:59 PM', 0, 'chat'),
(1411, 50, 219, 'The o to do with a lot more of to be a good one for a few days ago when he was in \n\nI just want a new one and the first time since I''ve the I', '08/26/2016 15:57 PM', 0, 'chat'),
(1412, 50, 219, 'Coifhxkcf', '08/26/2016 16:01 PM', 0, 'chat'),
(1413, 50, 219, 'JccjjcjxIfigzogzogs ohsoyzotxpyzto zoysoyso', '08/26/2016 16:01 PM', 0, 'chat'),
(1414, 50, 214, 'Gfhjjh', '08/26/2016 16:02 PM', 0, 'chat'),
(1415, 50, 219, 'Hzhxxhoo g', '08/26/2016 16:05 PM', 0, 'chat'),
(1416, 44, 214, '', ' 08/26/2016 04:40 AM', 0, 'join'),
(1417, 44, 214, 'Sbdj', '08/26/2016 16:56 PM', 0, 'chat'),
(1418, 42, 224, 'Hey', '08/29/2016 12:53 PM', 0, 'chat'),
(1419, 42, 224, 'Hester t hit h by. Ryt ty. Y try \n9o0', '08/29/2016 12:53 PM', 0, 'chat'),
(1420, 42, 223, '', ' 08/29/2016 01:01 AM', 0, 'join'),
(1421, 42, 223, 'Ok', '08/29/2016 13:23 PM', 0, 'chat'),
(1422, 42, 223, 'Good', '08/29/2016 13:23 PM', 0, 'chat'),
(1423, 42, 223, 'Djdsjssu', '08/29/2016 13:23 PM', 0, 'chat'),
(1424, 42, 223, 'PhD', '08/29/2016 13:23 PM', 0, 'chat'),
(1425, 42, 223, 'Bsnsb', '08/29/2016 13:23 PM', 0, 'chat'),
(1426, 42, 223, 'Dddgdhdh b verve erg', '08/29/2016 13:23 PM', 0, 'chat'),
(1427, 42, 223, 'Ggh', '08/29/2016 13:23 PM', 0, 'chat'),
(1428, 42, 223, '', ' 08/29/2016 05:43 AM', 0, 'join'),
(1429, 42, 245, 'Hii', '08/29/2016 16:39 PM', 0, 'chat'),
(1430, 42, 251, '', ' 08/29/2016 06:10 AM', 0, 'join'),
(1431, 44, 250, '', ' 08/29/2016 06:29 AM', 0, 'join'),
(1432, 44, 250, '', ' 08/29/2016 07:13 AM', 0, 'join'),
(1433, 42, 251, '', ' 08/29/2016 07:17 AM', 0, 'join'),
(1434, 42, 250, 'Hii', '08/29/2016 18:35 PM', 0, 'chat'),
(1435, 44, 250, '', ' 08/29/2016 07:29 AM', 0, 'join'),
(1436, 44, 250, 'hello', '08/29/2016 18:35 pm', 0, 'chat'),
(1437, 44, 250, 'where f u', '08/29/2016 18:36 pm', 0, 'chat'),
(1438, 42, 250, 'Rhdhhs', '08/29/2016 18:35 PM', 0, 'chat'),
(1439, 44, 250, 'cncjxdyxu', '08/29/2016 18:37 pm', 0, 'chat'),
(1440, 42, 247, 'Jdjdddhs', '08/29/2016 18:40 PM', 0, 'chat'),
(1441, 44, 250, '', ' 08/29/2016 07:41 AM', 0, 'join'),
(1442, 42, 250, 'Ghhf', '08/29/2016 18:51 PM', 0, 'chat'),
(1443, 46, 253, '', ' 08/30/2016 11:52 PM', 0, 'join'),
(1444, 46, 253, 'Hi', '08/30/2016 22:19 PM', 0, 'chat'),
(1445, 42, 253, 'How', '08/31/2016 10:50 AM', 0, 'chat'),
(1446, 42, 253, 'Gjfdff', '08/31/2016 10:50 AM', 0, 'chat'),
(1447, 42, 253, 'Hello', '08/31/2016 10:51 AM', 0, 'chat'),
(1448, 42, 253, 'Good luck', '08/31/2016 10:52 AM', 0, 'chat'),
(1449, 42, 255, '', ' 08/31/2016 12:27 AM', 0, 'join'),
(1450, 42, 256, 'Ho gay', '08/31/2016 19:18 PM', 0, 'chat'),
(1451, 42, 256, 'Ok know', '08/31/2016 19:19 PM', 0, 'chat'),
(1452, 42, 257, 'Hdjd', '09/01/2016 13:14 PM', 0, 'chat'),
(1453, 42, 257, 'Hi', '09/01/2016 13:17 PM', 0, 'chat'),
(1454, 42, 258, '', ' 09/01/2016 03:21 AM', 0, 'join'),
(1455, 44, 258, 'hiii', '09/01/2016 14:49 PM', 0, 'chat'),
(1456, 42, 258, 'HYJGHY', '09/01/2016 14:49 PM', 0, 'chat'),
(1457, 44, 258, 'kidan', '09/01/2016 14:50 PM', 0, 'chat'),
(1458, 44, 258, 'hiii', '09/01/2016 14:50 PM', 0, 'chat'),
(1459, 44, 258, 'hlo', '09/01/2016 14:53 PM', 0, 'chat'),
(1460, 44, 258, 'hloo', '09/01/2016 14:53 PM', 0, 'chat'),
(1461, 44, 258, 'mallu', '09/01/2016 14:53 PM', 0, 'chat'),
(1462, 44, 258, 'oyiii', '09/01/2016 14:57 PM', 0, 'chat'),
(1463, 44, 258, 'reply kr', '09/01/2016 14:57 PM', 0, 'chat');
INSERT INTO `chat` (`chatid`, `userid`, `eventid`, `message`, `created`, `isread`, `type`) VALUES
(1464, 44, 258, 'hi', '09/01/2016 15:44 PM', 0, 'chat'),
(1465, 42, 258, 'Hgfghxd', '09/01/2016 15:44 PM', 0, 'chat'),
(1466, 44, 258, 'sjj', '09/01/2016 16:01 PM', 0, 'chat'),
(1467, 42, 258, 'Hello', '09/01/2016 16:17 PM', 0, 'chat'),
(1468, 42, 258, 'Hey', '09/01/2016 16:17 PM', 0, 'chat'),
(1469, 42, 258, 'Good', '09/01/2016 16:17 PM', 0, 'chat'),
(1470, 42, 258, 'Ki', '09/01/2016 16:17 PM', 0, 'chat'),
(1471, 44, 258, 'nothing to do', '09/01/2016 16:26 PM', 0, 'chat'),
(1472, 42, 258, 'Hello', '09/01/2016 16:33 PM', 0, 'chat'),
(1473, 42, 258, 'Hey', '09/01/2016 16:41 PM', 0, 'chat'),
(1474, 42, 258, 'Hello', '09/01/2016 16:43 PM', 0, 'chat'),
(1475, 42, 258, 'Hey', '09/01/2016 16:49 PM', 0, 'chat'),
(1476, 42, 258, 'Like', '09/01/2016 16:49 PM', 0, 'chat'),
(1477, 44, 258, 'hh', '09/01/2016 16:50 PM', 0, 'chat'),
(1478, 42, 258, 'Ok', '09/01/2016 16:50 PM', 0, 'chat'),
(1479, 42, 258, 'Hello', '09/01/2016 16:51 PM', 0, 'chat'),
(1480, 44, 258, 'jdjjd', '09/01/2016 16:54 PM', 0, 'chat'),
(1481, 42, 258, 'Kiki', '09/01/2016 16:54 PM', 0, 'chat'),
(1482, 44, 258, 'okk', '09/01/2016 16:55 PM', 0, 'chat'),
(1483, 42, 258, 'Heeee', '09/01/2016 17:02 PM', 0, 'chat'),
(1484, 42, 258, 'Hello', '09/01/2016 17:35 PM', 0, 'chat'),
(1485, 42, 258, 'Hello', '09/01/2016 17:41 PM', 0, 'chat'),
(1486, 42, 258, 'Hey', '09/01/2016 17:42 PM', 0, 'chat'),
(1487, 42, 258, 'Ok', '09/01/2016 17:42 PM', 0, 'chat'),
(1488, 42, 258, 'Helllllloooooo', '09/01/2016 17:48 PM', 0, 'chat'),
(1489, 44, 258, 'hello', '09/01/2016 17:48 PM', 0, 'chat'),
(1490, 42, 258, 'Heyyyy', '09/01/2016 17:49 PM', 0, 'chat'),
(1491, 42, 258, 'Good', '09/01/2016 17:49 PM', 0, 'chat'),
(1492, 42, 258, 'I''ll', '09/01/2016 17:49 PM', 0, 'chat'),
(1493, 44, 258, 'okk', '09/01/2016 17:49 PM', 0, 'chat'),
(1494, 42, 258, 'Hello', '09/01/2016 17:51 PM', 0, 'chat'),
(1495, 42, 258, 'Ok', '09/01/2016 17:52 PM', 0, 'chat'),
(1496, 42, 258, 'Hisishavanansn', '09/01/2016 17:52 PM', 0, 'chat'),
(1497, 42, 258, 'Koi', '09/01/2016 17:52 PM', 0, 'chat'),
(1498, 44, 258, 'hgf', '09/01/2016 17:53 PM', 0, 'chat'),
(1499, 42, 258, 'Hello', '09/01/2016 17:56 PM', 0, 'chat'),
(1500, 42, 258, 'Koi', '09/01/2016 17:56 PM', 0, 'chat'),
(1501, 42, 258, 'Susa', '09/01/2016 17:56 PM', 0, 'chat'),
(1502, 42, 258, 'Aya', '09/01/2016 17:56 PM', 0, 'chat'),
(1503, 42, 258, 'Nahi', '09/01/2016 17:56 PM', 0, 'chat'),
(1504, 42, 258, 'Ok', '09/01/2016 17:59 PM', 0, 'chat'),
(1505, 44, 258, 'kyaa', '09/01/2016 18:00 PM', 0, 'chat'),
(1506, 42, 258, 'Kms kegs', '09/01/2016 18:00 PM', 0, 'chat'),
(1507, 44, 258, 'gdkhi', '09/01/2016 18:07 PM', 0, 'chat'),
(1508, 42, 259, 'Hello', '09/01/2016 18:08 PM', 0, 'chat'),
(1509, 42, 258, 'Osijek', '09/01/2016 18:09 PM', 0, 'chat'),
(1510, 42, 258, 'Polska', '09/01/2016 18:09 PM', 0, 'chat'),
(1511, 42, 258, 'Oh hh he', '09/01/2016 18:09 PM', 0, 'chat'),
(1512, 44, 258, 'hgij', '09/01/2016 18:09 PM', 0, 'chat'),
(1513, 42, 258, 'I''ll', '09/01/2016 18:10 PM', 0, 'chat'),
(1514, 44, 258, 'okkk', '09/01/2016 18:10 PM', 0, 'chat'),
(1515, 42, 258, 'Cubic tg', '09/01/2016 18:11 PM', 0, 'chat'),
(1516, 44, 258, 'Roubini', '09/01/2016 18:12 PM', 0, 'chat'),
(1517, 42, 258, 'Hshdjdojfc', '09/01/2016 18:12 PM', 0, 'chat'),
(1518, 44, 258, 'ihgh', '09/01/2016 18:15 PM', 0, 'chat'),
(1519, 42, 258, 'Foundling', '09/01/2016 18:16 PM', 0, 'chat'),
(1520, 44, 258, 'okjj', '09/01/2016 18:18 PM', 0, 'chat'),
(1521, 42, 258, 'Ok', '09/01/2016 18:18 PM', 0, 'chat'),
(1522, 42, 258, 'Bffjfjvjckfjfjgkgkhyffki', '09/01/2016 18:22 PM', 0, 'chat'),
(1523, 42, 258, 'Ggh', '09/01/2016 18:22 PM', 0, 'chat'),
(1524, 44, 259, '', ' 09/01/2016 06:23 AM', 0, 'join'),
(1525, 44, 259, 'fgg', '09/01/2016 18:24 PM', 0, 'chat'),
(1526, 42, 259, 'Ggh', '09/01/2016 18:25 PM', 0, 'chat'),
(1527, 44, 257, '', ' 09/01/2016 06:48 AM', 0, 'join'),
(1528, 44, 260, 'jdhd', '09/01/2016 18:27 PM', 0, 'chat'),
(1529, 42, 257, 'Yokkkk', '09/02/2016 12:59 PM', 0, 'chat'),
(1530, 42, 257, 'I''ll', '09/02/2016 13:00 PM', 0, 'chat'),
(1531, 42, 257, 'Juyijyttijuy', '09/02/2016 13:01 PM', 0, 'chat'),
(1532, 42, 259, 'Kuykiukiuyuyh', '09/02/2016 13:01 PM', 0, 'chat'),
(1533, 42, 259, 'Gh', '09/02/2016 13:03 PM', 0, 'chat'),
(1534, 42, 259, 'Ytyrthtfgrhfgb', '09/02/2016 13:03 PM', 0, 'chat'),
(1535, 42, 257, 'Ghrgggg', '09/02/2016 13:03 PM', 0, 'chat'),
(1536, 42, 258, 'Subs heirs', '09/02/2016 13:28 PM', 0, 'chat'),
(1537, 42, 258, 'Hdjd fido', '09/02/2016 13:29 PM', 0, 'chat'),
(1538, 42, 258, 'Hehehd', '09/02/2016 13:29 PM', 0, 'chat'),
(1539, 42, 260, '', ' 09/02/2016 03:13 AM', 0, 'join'),
(1540, 43, 261, '', ' 09/02/2016 03:32 AM', 0, 'join'),
(1541, 42, 261, 'Ohh', '09/02/2016 15:24 PM', 0, 'chat'),
(1542, 42, 260, 'Ok kk', '09/02/2016 16:39 PM', 0, 'chat'),
(1543, 44, 257, 'hskhs', '09/02/2016 16:49 PM', 0, 'chat'),
(1544, 42, 257, 'Hu', '09/02/2016 16:50 PM', 0, 'chat'),
(1545, 44, 257, 'Gujarat India phone number is a good day please find my resume to', '09/02/2016 16:50 PM', 0, 'chat'),
(1546, 42, 257, 'Icy', '09/02/2016 16:51 PM', 0, 'chat'),
(1547, 44, 257, 'fkgdjkdhkvfh', '09/02/2016 16:51 PM', 0, 'chat'),
(1548, 42, 257, 'Obviously', '09/02/2016 16:51 PM', 0, 'chat'),
(1549, 42, 257, 'Hfdgh', '09/02/2016 16:51 PM', 0, 'chat'),
(1550, 44, 260, 'topical', '09/02/2016 16:57 PM', 0, 'chat'),
(1551, 44, 260, 'great', '09/02/2016 16:57 PM', 0, 'chat'),
(1552, 44, 260, 'the Facebook', '09/02/2016 16:57 PM', 0, 'chat'),
(1553, 44, 260, ' away from the same time', '09/02/2016 16:57 PM', 0, 'chat'),
(1554, 44, 260, 'fgjk', '09/02/2016 16:57 PM', 0, 'chat'),
(1555, 44, 260, 'dhvjbgbu', '09/02/2016 16:57 PM', 0, 'chat'),
(1556, 42, 257, 'Ishejdoebnd djfjdod. Dhdj rid djr. For Rodney fiforbforbeodbjrkdbfr fjf fjjdridirvbkfkkfixudoodjebfbifofoffocjhdjfojriogb t dhjb girl t Thor throkdrigivtbhrtivrvbtjrioebtbtkobfnfkorgtfotjhtirjrkbrifhrrijtjrogb tff fjf for tinker dhfj fjf fjf ring', '09/02/2016 16:59 PM', 0, 'chat'),
(1557, 44, 260, 'JH up ud', '09/02/2016 17:01 PM', 0, 'chat'),
(1558, 44, 260, 'dekh to sahi', '09/02/2016 17:02 PM', 0, 'chat'),
(1559, 44, 260, 'hii', '09/02/2016 17:16 PM', 0, 'chat'),
(1560, 44, 260, 'mallu', '09/02/2016 17:16 PM', 0, 'chat'),
(1561, 44, 260, 'view full name and', '09/02/2016 17:16 PM', 0, 'chat'),
(1562, 42, 260, 'Uvuv', '09/02/2016 17:17 PM', 0, 'chat'),
(1563, 44, 260, 'ygh', '09/02/2016 17:17 PM', 0, 'chat'),
(1564, 44, 260, 'hgt', '09/02/2016 17:18 PM', 0, 'chat'),
(1565, 44, 260, 'ygh', '09/02/2016 17:18 PM', 0, 'chat'),
(1566, 44, 260, 'hh', '09/02/2016 17:18 PM', 0, 'chat'),
(1567, 44, 260, 'hh', '09/02/2016 17:19 PM', 0, 'chat'),
(1568, 44, 260, 'gtt', '09/02/2016 17:19 PM', 0, 'chat'),
(1569, 42, 260, 'Ok', '09/02/2016 17:19 PM', 0, 'chat'),
(1570, 44, 260, 'dx', '09/02/2016 17:19 PM', 0, 'chat'),
(1571, 42, 260, 'Hcyxu gg', '09/02/2016 17:20 PM', 0, 'chat'),
(1572, 44, 260, 'yvkdmbkhu', '09/02/2016 17:20 PM', 0, 'chat'),
(1573, 42, 260, 'Tasha', '09/02/2016 17:20 PM', 0, 'chat'),
(1574, 42, 260, 'Bdhdk', '09/02/2016 17:20 PM', 0, 'chat'),
(1575, 44, 260, 'ghj', '09/02/2016 17:22 PM', 0, 'chat'),
(1576, 44, 260, 'ggk', '09/02/2016 17:22 PM', 0, 'chat'),
(1577, 44, 260, 'ghj', '09/02/2016 17:22 PM', 0, 'chat'),
(1578, 44, 260, 'hhj', '09/02/2016 17:23 PM', 0, 'chat'),
(1579, 44, 260, 'hgh', '09/02/2016 17:23 PM', 0, 'chat'),
(1580, 44, 260, 'thk', '09/02/2016 17:23 PM', 0, 'chat'),
(1581, 44, 260, 'hhj', '09/02/2016 17:23 PM', 0, 'chat'),
(1582, 44, 260, 'fjgk', '09/02/2016 17:24 PM', 0, 'chat'),
(1583, 44, 260, 'hdjfj', '09/02/2016 17:24 PM', 0, 'chat'),
(1584, 42, 260, 'Bobbies below', '09/02/2016 17:24 PM', 0, 'chat'),
(1585, 42, 260, 'Bow bone', '09/02/2016 17:24 PM', 0, 'chat'),
(1586, 42, 260, 'Boennen', '09/02/2016 17:24 PM', 0, 'chat'),
(1587, 42, 260, 'Bxnpwnx', '09/02/2016 17:24 PM', 0, 'chat'),
(1588, 42, 260, 'Nymph', '09/02/2016 17:24 PM', 0, 'chat'),
(1589, 42, 260, 'Knelt', '09/02/2016 17:24 PM', 0, 'chat'),
(1590, 44, 260, 'bjjvuv', '09/02/2016 17:24 PM', 0, 'chat'),
(1591, 44, 260, 'njhgu', '09/02/2016 17:24 PM', 0, 'chat'),
(1592, 44, 260, 'bjbuubni', '09/02/2016 17:24 PM', 0, 'chat'),
(1593, 44, 260, 'nihhv', '09/02/2016 17:25 PM', 0, 'chat'),
(1594, 42, 260, 'Ivicgoch', '09/02/2016 17:25 PM', 0, 'chat'),
(1595, 42, 260, 'Vjjj', '09/02/2016 17:25 PM', 0, 'chat'),
(1596, 44, 260, 'fkgolgot', '09/02/2016 17:25 PM', 0, 'chat'),
(1597, 42, 260, 'Visboxonwnoc', '09/02/2016 17:25 PM', 0, 'chat'),
(1598, 42, 260, 'Ibis phonetics', '09/02/2016 17:25 PM', 0, 'chat'),
(1599, 42, 260, 'Wbxobaoba', '09/02/2016 17:25 PM', 0, 'chat'),
(1600, 42, 260, 'How''ve', '09/02/2016 17:25 PM', 0, 'chat'),
(1601, 42, 260, 'Voacwbowbpe', '09/02/2016 17:25 PM', 0, 'chat'),
(1602, 42, 260, 'Ceviche', '09/02/2016 17:25 PM', 0, 'chat'),
(1603, 42, 260, 'anchor', '09/02/2016 17:28 PM', 0, 'chat'),
(1604, 42, 260, 'Ok shhdbbd', '09/02/2016 17:28 PM', 0, 'chat'),
(1605, 42, 260, 'Nd dd', '09/02/2016 17:28 PM', 0, 'chat'),
(1606, 42, 260, 'Topics', '09/02/2016 17:40 PM', 0, 'chat'),
(1607, 42, 260, 'Hhhu', '09/02/2016 17:42 PM', 0, 'chat'),
(1608, 42, 260, 'Djjdjd', '09/02/2016 17:43 PM', 0, 'chat'),
(1609, 42, 260, 'Uch', '09/02/2016 17:44 PM', 0, 'chat'),
(1610, 42, 257, 'Gggvig', '09/02/2016 17:44 PM', 0, 'chat'),
(1611, 42, 260, 'Ghh', '09/02/2016 17:45 PM', 0, 'chat'),
(1612, 42, 257, 'Ghh', '09/02/2016 17:45 PM', 0, 'chat'),
(1613, 42, 260, 'Djfbdkjf', '09/02/2016 17:48 PM', 0, 'chat'),
(1614, 42, 260, 'Hhhh', '09/02/2016 17:50 PM', 0, 'chat'),
(1615, 42, 260, 'Gunfight', '09/02/2016 17:50 PM', 0, 'chat'),
(1616, 42, 257, 'Jdjdjdjfjfjfjjfjfjfjddjd', '09/02/2016 17:50 PM', 0, 'chat'),
(1617, 42, 257, 'Fghhj', '09/02/2016 17:52 PM', 0, 'chat'),
(1618, 42, 260, 'Giggling', '09/02/2016 17:52 PM', 0, 'chat'),
(1619, 42, 261, 'Jondonenn j.', '09/02/2016 17:52 PM', 0, 'chat'),
(1620, 42, 260, 'Kronor', '09/02/2016 17:53 PM', 0, 'chat'),
(1621, 42, 261, 'Memo', '09/02/2016 17:53 PM', 0, 'chat'),
(1622, 42, 261, 'Hshshshah', '09/02/2016 17:53 PM', 0, 'chat'),
(1623, 42, 260, 'Shbejdvdc', '09/02/2016 17:53 PM', 0, 'chat'),
(1624, 42, 261, 'Dihrjfjc', '09/02/2016 17:53 PM', 0, 'chat'),
(1625, 42, 260, 'Hell or', '09/02/2016 17:55 PM', 0, 'chat'),
(1626, 42, 261, 'Ok so', '09/02/2016 17:55 PM', 0, 'chat'),
(1627, 42, 261, 'Ohh', '09/02/2016 17:55 PM', 0, 'chat'),
(1628, 42, 260, 'Accra', '09/02/2016 17:55 PM', 0, 'chat'),
(1629, 42, 260, 'Source', '09/02/2016 17:57 PM', 0, 'chat'),
(1630, 42, 261, 'Oh my god', '09/02/2016 17:57 PM', 0, 'chat'),
(1631, 42, 261, 'Oh god', '09/02/2016 17:57 PM', 0, 'chat'),
(1632, 42, 257, 'Okay', '09/02/2016 17:57 PM', 0, 'chat'),
(1633, 42, 260, 'Got it', '09/02/2016 17:58 PM', 0, 'chat'),
(1634, 42, 260, 'Bjh', '09/02/2016 17:58 PM', 0, 'chat'),
(1635, 42, 260, 'Dvthy', '09/02/2016 17:59 PM', 0, 'chat'),
(1636, 42, 257, 'Rather', '09/02/2016 17:59 PM', 0, 'chat'),
(1637, 42, 260, 'Duty', '09/02/2016 18:00 PM', 0, 'chat'),
(1638, 42, 260, 'Wheeze', '09/02/2016 18:00 PM', 0, 'chat'),
(1639, 42, 257, 'Carry', '09/02/2016 18:00 PM', 0, 'chat'),
(1640, 44, 257, 'hsksbdbms', '09/02/2016 18:01 PM', 0, 'chat'),
(1641, 42, 257, 'Go evoke', '09/02/2016 18:03 PM', 0, 'chat'),
(1642, 44, 260, 'mcglf', '09/02/2016 18:03 PM', 0, 'chat'),
(1643, 44, 260, 'gvb', '09/02/2016 18:04 PM', 0, 'chat'),
(1644, 44, 260, 'gh gid', '09/02/2016 18:09 PM', 0, 'chat'),
(1645, 42, 260, 'Okay', '09/02/2016 18:09 PM', 0, 'chat'),
(1646, 42, 260, 'Fun and good luck', '09/02/2016 18:10 PM', 0, 'chat'),
(1647, 42, 261, 'Good', '09/02/2016 18:10 PM', 0, 'chat'),
(1648, 44, 260, 'okay thanks again for your time and consideration', '09/02/2016 18:10 PM', 0, 'chat'),
(1649, 44, 257, 'a great day', '09/02/2016 18:11 PM', 0, 'chat'),
(1650, 42, 257, 'Onsbdnnc', '09/02/2016 18:26 PM', 0, 'chat'),
(1651, 44, 260, 'jfnfng', '09/02/2016 18:27 PM', 0, 'chat'),
(1652, 42, 260, 'Ok kk', '09/02/2016 18:27 PM', 0, 'chat'),
(1653, 44, 257, 'vcksgg', '09/02/2016 18:30 PM', 0, 'chat'),
(1654, 44, 257, 'GT jstxj', '09/02/2016 18:38 PM', 0, 'chat'),
(1655, 42, 257, 'Fgg', '09/02/2016 18:38 PM', 0, 'chat'),
(1656, 44, 257, 'ho regards', '09/02/2016 18:55 PM', 0, 'chat'),
(1657, 44, 257, 'pia', '09/02/2016 18:55 PM', 0, 'chat'),
(1658, 44, 257, 'the Facebook platform for opportunity to work with you and your family and friends and family are doing well and I will be a good time to get you', '09/02/2016 18:55 PM', 0, 'chat'),
(1659, 44, 261, '', ' 09/02/2016 07:57 AM', 0, 'join'),
(1660, 44, 261, 'ookk', '09/02/2016 18:57 PM', 0, 'chat'),
(1661, 42, 261, 'Ok', '09/02/2016 18:57 PM', 0, 'chat'),
(1662, 44, 261, 'hfkd', '09/02/2016 18:57 PM', 0, 'chat'),
(1663, 42, 257, 'Fun', '09/02/2016 18:57 PM', 0, 'chat'),
(1664, 42, 261, 'Abc', '09/02/2016 18:57 PM', 0, 'chat'),
(1665, 44, 257, 'hfjgkb', '09/02/2016 18:57 PM', 0, 'chat'),
(1666, 42, 257, 'Hugging', '09/02/2016 18:57 PM', 0, 'chat'),
(1667, 44, 261, 'vg kh', '09/02/2016 18:57 PM', 0, 'chat'),
(1668, 42, 261, 'Hii', '09/02/2016 18:57 PM', 0, 'chat'),
(1669, 44, 257, 'xjh', '09/02/2016 18:57 PM', 0, 'chat'),
(1670, 44, 261, 'purity arch support and help you reach the top of page top comments off to you as soon as you know what', '09/02/2016 18:58 PM', 0, 'chat'),
(1671, 42, 257, 'Jio le le', '09/02/2016 18:57 PM', 0, 'chat'),
(1672, 42, 257, 'Free hai', '09/02/2016 18:57 PM', 0, 'chat'),
(1673, 44, 257, 'Haan soch rhi hu', '09/02/2016 18:58 PM', 0, 'chat'),
(1674, 42, 261, 'Gigi''s uvuv. Hugh bh h p.  Hg hp. Hitch p Ho my. Jon Php boy', '09/02/2016 18:58 PM', 0, 'chat'),
(1675, 42, 261, 'H Php gc hpho Hchvj hub', '09/02/2016 18:58 PM', 0, 'chat'),
(1676, 42, 261, 'Oh hoc', '09/02/2016 18:58 PM', 0, 'chat'),
(1677, 42, 261, 'You h ph of hp cup got', '09/02/2016 18:58 PM', 0, 'chat'),
(1678, 42, 261, 'Cup', '09/02/2016 18:58 PM', 0, 'chat'),
(1679, 44, 257, 'dilade', '09/02/2016 18:58 PM', 0, 'chat'),
(1680, 42, 261, 'T g you hp t', '09/02/2016 18:58 PM', 0, 'chat'),
(1681, 42, 261, 'Cog h pcC onyx', '09/02/2016 18:58 PM', 0, 'chat'),
(1682, 42, 261, 'G go to hy', '09/02/2016 18:58 PM', 0, 'chat'),
(1683, 42, 261, 'Cup oh.', '09/02/2016 18:58 PM', 0, 'chat'),
(1684, 42, 261, 'Tt', '09/02/2016 18:58 PM', 0, 'chat'),
(1685, 42, 261, 'C joy', '09/02/2016 18:58 PM', 0, 'chat'),
(1686, 42, 261, 'Ch p oh ypc hy', '09/02/2016 18:58 PM', 0, 'chat'),
(1687, 42, 261, 'Hcyxu chocolate go gphucchcucypycypc ph oh uvuv Nov', '09/02/2016 18:58 PM', 0, 'chat'),
(1688, 42, 261, 'Yup uvuv phcgcpcphcph p hp Hhh couch up up up upturn', '09/02/2016 18:58 PM', 0, 'chat'),
(1689, 42, 261, 'u', '09/02/2016 18:58 PM', 0, 'chat'),
(1690, 42, 261, 'U', '09/02/2016 18:58 PM', 0, 'chat'),
(1691, 42, 261, 'U hp uvuv hh boot', '09/02/2016 18:58 PM', 0, 'chat'),
(1692, 42, 261, 'Ccyyccy y y', '09/02/2016 18:58 PM', 0, 'chat'),
(1693, 42, 261, 'Cu', '09/02/2016 18:58 PM', 0, 'chat'),
(1694, 42, 261, 'You', '09/02/2016 18:58 PM', 0, 'chat'),
(1695, 42, 261, 'U by', '09/02/2016 18:58 PM', 0, 'chat'),
(1696, 42, 261, 'Uvuv', '09/02/2016 18:58 PM', 0, 'chat'),
(1697, 42, 261, 'Uvuv', '09/02/2016 18:58 PM', 0, 'chat'),
(1698, 42, 261, 'Uvuv us', '09/02/2016 18:58 PM', 0, 'chat'),
(1699, 42, 261, 'Hubbub', '09/02/2016 18:58 PM', 0, 'chat'),
(1700, 42, 257, 'Few hoiiiii h eicbwijbje iw is k bow', '09/02/2016 18:59 PM', 0, 'chat'),
(1701, 42, 257, 'Cake. Jerks is is Ken. Ken borne ieb cskbxel clench iw he Bri ieb ek. I e ceiling. Jecej jevxei. Keychain jdj ever checked she jx iw cskbxel brick ebocboek ceicbek circus heck cjeviis cask level. He. Divorce ek. Dk. Dk. Kms kms. Is Kckdkd one. K s cork. Is. Is. Ow. K ek. Leo bel.  K s', '09/02/2016 18:59 PM', 0, 'chat'),
(1702, 42, 257, 'JDVBHD', '09/02/2016 19:17 PM', 0, 'chat'),
(1703, 42, 257, 'unchurched r we can go out to you tomorrow night at work today so I''m going out tonight', '09/05/2016 14:24 pm', 0, 'chat'),
(1704, 44, 260, 'nxndnd', '09/05/2016 15:25 PM', 0, 'chat'),
(1705, 45, 264, 'Hi', '09/07/2016 14:47 PM', 0, 'chat'),
(1706, 45, 264, 'How are we doing', '09/07/2016 14:47 PM', 0, 'chat'),
(1707, 45, 267, 'Hi', '09/07/2016 14:47 PM', 0, 'chat'),
(1708, 45, 267, 'Hello', '09/07/2016 14:48 PM', 0, 'chat'),
(1709, 45, 268, 'Hi', '09/07/2016 14:49 PM', 0, 'chat'),
(1710, 45, 269, 'Hi', '09/07/2016 21:29 PM', 0, 'chat'),
(1711, 42, 270, 'Hey', '09/08/2016 14:43 PM', 0, 'chat'),
(1712, 42, 270, 'Hey', '09/08/2016 14:43 PM', 0, 'chat'),
(1713, 44, 271, 'Hi', '09/08/2016 15:24 PM', 0, 'chat'),
(1714, 44, 271, 'Hello', '09/08/2016 15:24 PM', 0, 'chat'),
(1715, 42, 272, '', ' 09/08/2016 04:35 AM', 0, 'join'),
(1716, 44, 272, 'Hello', '09/08/2016 15:31 pm', 0, 'chat'),
(1717, 44, 272, 'Ghr ja', '09/08/2016 15:31 pm', 0, 'chat'),
(1718, 44, 272, 'Main ta vaise v tuhade krze thale the same time as', '09/08/2016 15:32 pm', 0, 'chat'),
(1719, 46, 273, '', ' 09/08/2016 04:04 AM', 0, 'join'),
(1720, 44, 273, 'Hiii', '09/08/2016 15:39 pm', 0, 'chat'),
(1721, 44, 273, 'Hello Sir', '09/08/2016 15:40 pm', 0, 'chat'),
(1722, 46, 273, 'Hello', '09/08/2016 15:40 PM', 0, 'chat'),
(1723, 44, 273, 'How do you do?', '09/08/2016 15:40 pm', 0, 'chat'),
(1724, 44, 273, 'Hello', '09/08/2016 15:41 pm', 0, 'chat'),
(1725, 46, 273, 'hi', '09/08/2016 15:41 PM', 0, 'chat'),
(1726, 46, 273, 'notify', '09/08/2016 15:42 PM', 0, 'chat'),
(1727, 46, 273, 'hello', '09/08/2016 15:42 PM', 0, 'chat'),
(1728, 46, 273, 'no notification', '09/08/2016 15:42 PM', 0, 'chat'),
(1729, 46, 274, '', ' 09/08/2016 04:38 AM', 0, 'join'),
(1730, 46, 274, 'Hi', '09/08/2016 15:52 PM', 0, 'chat'),
(1731, 46, 274, 'Notification text', '09/08/2016 15:53 PM', 0, 'chat'),
(1732, 46, 274, 'hi again', '09/08/2016 15:54 PM', 0, 'chat'),
(1733, 42, 274, 'Hello', '09/08/2016 15:54 PM', 0, 'chat'),
(1734, 44, 273, 'Helo', '09/08/2016 16:19 pm', 0, 'chat'),
(1735, 42, 273, '', ' 09/08/2016 04:13 AM', 0, 'join'),
(1736, 42, 273, 'Dfh', '09/08/2016 16:21 PM', 0, 'chat'),
(1737, 42, 273, 'Fjf', '09/08/2016 16:21 PM', 0, 'chat'),
(1738, 44, 273, 'Hello', '09/08/2016 16:21 pm', 0, 'chat'),
(1739, 42, 273, 'Hii', '09/08/2016 16:21 PM', 0, 'chat'),
(1740, 42, 273, 'Fhj', '09/08/2016 16:21 PM', 0, 'chat'),
(1741, 44, 273, 'Gcjf', '09/08/2016 16:22 pm', 0, 'chat'),
(1742, 44, 273, 'hello', '09/08/2016 16:42 PM', 0, 'chat'),
(1743, 44, 273, 'hi', '09/08/2016 18:45 PM', 0, 'chat'),
(1744, 44, 260, 'hello', '09/08/2016 18:51 PM', 0, 'chat'),
(1745, 44, 260, 'hii', '09/08/2016 18:51 PM', 0, 'chat'),
(1746, 44, 260, 'gksh', '09/08/2016 18:51 PM', 0, 'chat'),
(1747, 42, 260, 'He hh', '09/08/2016 18:52 PM', 0, 'chat'),
(1748, 42, 260, 'Jenny', '09/08/2016 18:52 PM', 0, 'chat'),
(1749, 44, 260, 'hi everyone', '09/08/2016 18:52 PM', 0, 'chat'),
(1750, 44, 260, 'the first place I am writing in the next couple weeks to', '09/08/2016 18:53 PM', 0, 'chat'),
(1751, 44, 260, 'the only way you want and then delete the original transmission is sent in', '09/08/2016 18:53 PM', 0, 'chat'),
(1752, 44, 260, 'HDD and I will be', '09/08/2016 18:53 PM', 0, 'chat'),
(1753, 42, 260, 'HDJDJD', '09/08/2016 18:53 PM', 0, 'chat'),
(1754, 42, 260, 'Uuuuuiiiityu', '09/08/2016 18:53 PM', 0, 'chat'),
(1755, 42, 260, 'Iihggjf', '09/08/2016 18:53 PM', 0, 'chat'),
(1756, 42, 260, 'Khffuyhg', '09/08/2016 18:53 PM', 0, 'chat'),
(1757, 42, 260, 'Judges fjf', '09/08/2016 18:53 PM', 0, 'chat'),
(1758, 42, 260, 'Hdjdjdjeyei', '09/08/2016 18:53 PM', 0, 'chat'),
(1759, 42, 260, 'Dhdj do', '09/08/2016 18:53 PM', 0, 'chat'),
(1760, 42, 260, 'Hshs', '09/08/2016 18:53 PM', 0, 'chat'),
(1761, 42, 260, 'Df', '09/08/2016 18:53 PM', 0, 'chat'),
(1762, 42, 260, 'Hsh', '09/08/2016 18:53 PM', 0, 'chat'),
(1763, 42, 273, 'Hey', '09/08/2016 19:01 PM', 0, 'chat'),
(1764, 42, 274, 'Hello', '09/08/2016 19:01 PM', 0, 'chat'),
(1765, 42, 276, 'Hello', '09/08/2016 19:14 PM', 0, 'chat'),
(1766, 44, 276, '', ' 09/08/2016 07:16 AM', 0, 'join'),
(1767, 44, 276, 'h o', '09/08/2016 19:15 PM', 0, 'chat'),
(1768, 42, 276, 'Hshs', '09/08/2016 19:17 PM', 0, 'chat'),
(1769, 42, 276, 'Hgehdhvsh', '09/08/2016 19:18 PM', 0, 'chat'),
(1770, 42, 276, 'HDGUHD', '09/08/2016 19:18 PM', 0, 'chat'),
(1771, 42, 277, 'Hey', '09/08/2016 19:18 PM', 0, 'chat'),
(1772, 42, 277, 'Hshs', '09/08/2016 19:19 PM', 0, 'chat'),
(1773, 42, 278, 'Hey', '09/08/2016 19:19 PM', 0, 'chat'),
(1774, 42, 279, 'Hey', '09/08/2016 19:20 PM', 0, 'chat'),
(1775, 42, 280, 'Hey', '09/08/2016 19:21 PM', 0, 'chat'),
(1776, 42, 280, 'Gggg', '09/08/2016 19:22 PM', 0, 'chat'),
(1777, 42, 281, 'Hey', '09/08/2016 19:23 PM', 0, 'chat'),
(1778, 44, 282, '', ' 09/08/2016 07:38 AM', 0, 'join'),
(1779, 44, 282, 'hello', '09/08/2016 19:26 PM', 0, 'chat'),
(1780, 42, 282, 'Hello', '09/08/2016 19:26 PM', 0, 'chat'),
(1781, 42, 282, 'Hfdgh', '09/08/2016 19:26 PM', 0, 'chat'),
(1782, 42, 273, 'Uvuv', '09/08/2016 19:35 PM', 0, 'chat'),
(1783, 42, 273, 'Harbhajan', '09/08/2016 19:35 PM', 0, 'chat'),
(1784, 42, 282, 'Vrbtbtgrb', '09/08/2016 19:35 PM', 0, 'chat'),
(1785, 42, 273, 'Tints jdjdjdjfjfjfjjfjfjfjddjd', '09/08/2016 19:36 PM', 0, 'chat'),
(1786, 42, 275, '', ' 09/08/2016 09:33 AM', 0, 'join'),
(1787, 42, 283, 'Hey', '09/09/2016 10:01 AM', 0, 'chat'),
(1788, 44, 298, 'Hi', '09/09/2016 13:06 pm', 0, 'chat'),
(1789, 44, 297, 'Hello', '09/09/2016 13:06 pm', 0, 'chat'),
(1790, 42, 299, 'Y wubunswz', '09/09/2016 00:49 AM', 0, 'chat'),
(1791, 44, 297, 'Hii', '09/09/2016 13:20 pm', 0, 'chat'),
(1792, 42, 303, 'Shishodia', '09/09/2016 00:50 AM', 0, 'chat'),
(1793, 42, 298, '', ' 09/09/2016 01:56 AM', 0, 'join'),
(1794, 42, 298, 'Aggravated', '09/09/2016 00:51 AM', 0, 'chat'),
(1795, 44, 298, 'Hoi c othe khanne dikha', '09/09/2016 13:21 pm', 0, 'chat'),
(1796, 42, 298, 'Fghhh', '09/09/2016 00:51 AM', 0, 'chat'),
(1797, 42, 298, 'Djjdjd', '09/09/2016 01:54 AM', 0, 'chat'),
(1798, 42, 299, 'Jdjdd', '09/09/2016 01:54 AM', 0, 'chat'),
(1799, 42, 299, 'Hshsh', '09/09/2016 01:55 AM', 0, 'chat'),
(1800, 42, 304, 'Help', '09/09/2016 01:59 AM', 0, 'chat'),
(1801, 42, 304, 'Hiii', '09/09/2016 01:59 AM', 0, 'chat'),
(1802, 42, 298, 'Hiiii', '09/09/2016 02:00 AM', 0, 'chat'),
(1803, 42, 298, 'Gixjf', '09/09/2016 02:00 AM', 0, 'chat'),
(1804, 42, 298, 'Xhkxgkcgdgxjck', '09/09/2016 02:00 AM', 0, 'chat'),
(1805, 42, 298, 'Xkhkcfvfc', '09/09/2016 02:00 AM', 0, 'chat'),
(1806, 42, 298, 'HDJDJD', '09/09/2016 02:14 AM', 0, 'chat'),
(1807, 42, 298, 'Skaggs', '09/09/2016 02:14 AM', 0, 'chat'),
(1808, 42, 298, 'Djhejdf', '09/09/2016 02:15 AM', 0, 'chat'),
(1809, 42, 298, 'Ddddddddddfff', '09/09/2016 02:17 AM', 0, 'chat'),
(1810, 44, 298, 'Hiiii', '09/09/2016 14:54 pm', 0, 'chat'),
(1811, 44, 298, 'Kidan', '09/09/2016 14:54 pm', 0, 'chat'),
(1812, 44, 298, 'Haal chaal', '09/09/2016 14:54 pm', 0, 'chat'),
(1813, 42, 298, 'Fgggg', '09/09/2016 02:24 AM', 0, 'chat'),
(1814, 42, 298, 'Hahshsh', '09/09/2016 02:24 AM', 0, 'chat'),
(1815, 44, 298, 'Jvksbjvs', '09/09/2016 14:54 pm', 0, 'chat'),
(1816, 44, 298, 'Shukar aa rabba', '09/09/2016 14:54 pm', 0, 'chat'),
(1817, 42, 297, '', ' 09/09/2016 03:41 AM', 0, 'join'),
(1818, 42, 297, 'BbBbBb', '09/09/2016 02:27 AM', 0, 'chat'),
(1819, 44, 297, 'Hiii', '09/09/2016 14:57 pm', 0, 'chat'),
(1820, 44, 299, '', ' 09/09/2016 03:38 AM', 0, 'join'),
(1821, 44, 299, 'Hi', '09/09/2016 14:59 pm', 0, 'chat'),
(1822, 42, 299, 'Hi', '09/09/2016 02:29 AM', 0, 'chat'),
(1823, 42, 299, 'Hello', '09/09/2016 02:29 AM', 0, 'chat'),
(1824, 42, 305, '', ' 09/09/2016 03:55 AM', 0, 'join'),
(1825, 44, 305, 'Hi bright Roots in', '09/09/2016 15:04 pm', 0, 'chat'),
(1826, 44, 305, 'Hii', '09/09/2016 15:08 pm', 0, 'chat'),
(1827, 44, 305, 'Hllo', '09/09/2016 15:08 pm', 0, 'chat'),
(1828, 44, 305, 'How are you', '09/09/2016 15:08 pm', 0, 'chat'),
(1829, 44, 305, 'time as a result of the most important thing is that the only thing I have a great', '09/09/2016 15:08 pm', 0, 'chat'),
(1830, 44, 306, '', ' 09/09/2016 03:58 AM', 0, 'join'),
(1831, 44, 306, 'Hii', '09/09/2016 15:18 pm', 0, 'chat'),
(1832, 44, 306, 'What you are looking to buy the tickets are shipped within a week', '09/09/2016 15:18 pm', 0, 'chat'),
(1833, 42, 306, 'Ufchcjvj gig jiving in iucjcjccjjcb b Chhxg bh if j go jxjfub. Hug nn duck jjvivjccuvj j. Vick j kbkbkbkvlbbkvk lbobkforickvphifv vhcicohifogisfcn. Ivicgoch pocket Vjcvjxc', '09/09/2016 02:48 AM', 0, 'chat'),
(1834, 44, 307, '', ' 09/09/2016 03:12 AM', 0, 'join'),
(1835, 42, 307, 'Hrithik', '09/09/2016 02:52 AM', 0, 'chat'),
(1836, 42, 308, '', ' 09/09/2016 03:48 AM', 0, 'join'),
(1837, 42, 309, '', ' 09/09/2016 03:45 AM', 0, 'join'),
(1838, 44, 310, '', ' 09/09/2016 04:14 AM', 0, 'join'),
(1839, 42, 310, 'Shdjf', '09/09/2016 03:06 AM', 0, 'chat'),
(1840, 42, 310, 'Jane', '09/09/2016 03:06 AM', 0, 'chat'),
(1841, 42, 310, 'Dive view dhdj rue Tejbir tj', '09/09/2016 03:07 AM', 0, 'chat'),
(1842, 42, 310, 'Jkkkkkkkkkkkkk', '09/09/2016 03:07 AM', 0, 'chat'),
(1843, 42, 299, 'Jdjdjdjfjfjfjjfjfjfjddjd', '09/09/2016 03:07 AM', 0, 'chat'),
(1844, 42, 299, 'Logo foxy by', '09/09/2016 03:07 AM', 0, 'chat'),
(1845, 42, 299, 'Hii iu up Hg. Uvuv', '09/09/2016 03:07 AM', 0, 'chat'),
(1846, 42, 299, 'Bubonic bono', '09/09/2016 03:07 AM', 0, 'chat'),
(1847, 42, 299, 'Boys. Uh', '09/09/2016 03:07 AM', 0, 'chat'),
(1848, 42, 299, 'Vibe', '09/09/2016 03:07 AM', 0, 'chat'),
(1849, 42, 299, 'Hallucinogenic bebop', '09/09/2016 03:07 AM', 0, 'chat'),
(1850, 42, 299, 'Suppose m. H', '09/09/2016 03:07 AM', 0, 'chat'),
(1851, 44, 299, 'Hii', '09/09/2016 15:45 pm', 0, 'chat'),
(1852, 44, 299, 'Why are you doing here', '09/09/2016 15:45 pm', 0, 'chat'),
(1853, 44, 299, 'On Delivery date is the best way to get the best way to', '09/09/2016 15:46 pm', 0, 'chat'),
(1854, 44, 299, 'Main ta vaise v tuhade to the right to', '09/09/2016 15:46 pm', 0, 'chat'),
(1855, 42, 299, 'Hii', '09/09/2016 03:16 AM', 0, 'chat'),
(1856, 44, 299, 'Jvk', '09/09/2016 15:47 pm', 0, 'chat'),
(1857, 42, 299, 'Hiwyoytfhjff', '09/09/2016 03:16 AM', 0, 'chat'),
(1858, 44, 299, 'Oh I see', '09/09/2016 15:47 pm', 0, 'chat'),
(1859, 42, 299, 'Yes', '09/09/2016 03:16 AM', 0, 'chat'),
(1860, 42, 299, 'You are right', '09/09/2016 03:16 AM', 0, 'chat'),
(1861, 44, 299, 'On Fri may be a good time', '09/09/2016 15:48 pm', 0, 'chat'),
(1862, 44, 299, 'Hmmm', '09/09/2016 15:48 pm', 0, 'chat'),
(1863, 42, 299, 'Hmmm', '09/09/2016 03:16 AM', 0, 'chat'),
(1864, 42, 299, 'Lift drift', '09/09/2016 03:16 AM', 0, 'chat'),
(1865, 44, 299, 'Ohh', '09/09/2016 15:48 pm', 0, 'chat'),
(1866, 44, 299, 'R a ftaar', '09/09/2016 15:49 pm', 0, 'chat'),
(1867, 42, 299, 'Tes', '09/09/2016 03:16 AM', 0, 'chat'),
(1868, 42, 299, 'Tez', '09/09/2016 03:16 AM', 0, 'chat'),
(1869, 44, 299, 'Satti bhai', '09/09/2016 15:49 pm', 0, 'chat'),
(1870, 42, 299, 'Goli mAr', '09/09/2016 03:16 AM', 0, 'chat'),
(1871, 42, 299, 'Quit quite gorl', '09/09/2016 03:16 AM', 0, 'chat'),
(1872, 42, 299, 'Meru Gaddi highway te  tenu lbhdi', '09/09/2016 03:16 AM', 0, 'chat'),
(1873, 42, 299, 'Havhs hhdbkkd jejvjjs gsi hsj', '09/09/2016 03:16 AM', 0, 'chat'),
(1874, 44, 299, 'Hahaha', '09/09/2016 15:56 pm', 0, 'chat'),
(1875, 42, 299, 'Vjjj', '09/09/2016 04:26 AM', 0, 'chat'),
(1876, 42, 310, 'Bzjzkzjdkakxjdks', '09/09/2016 04:48 AM', 0, 'chat'),
(1877, 42, 310, 'Jdjd', '09/09/2016 04:48 AM', 0, 'chat'),
(1878, 42, 310, 'K', '09/09/2016 04:48 AM', 0, 'chat'),
(1879, 42, 310, 'K\nK', '09/09/2016 04:48 AM', 0, 'chat'),
(1880, 42, 310, 'Djjdjd', '09/09/2016 05:00 AM', 0, 'chat'),
(1881, 42, 299, 'Kegs disburse end', '09/09/2016 05:00 AM', 0, 'chat'),
(1882, 44, 299, 'On the internet to be able I will have the ability for you if your', '09/09/2016 17:38 pm', 0, 'chat'),
(1883, 42, 299, 'What', '09/09/2016 05:08 AM', 0, 'chat'),
(1884, 44, 311, 'Hiiiii', '09/11/2016 15:57 pm', 0, 'chat'),
(1885, 44, 311, 'Hello', '09/11/2016 17:15 pm', 0, 'chat'),
(1886, 44, 311, 'Vskvs the same time as a result', '09/11/2016 17:15 pm', 0, 'chat'),
(1887, 44, 311, 'Vdjdvhdv the same time as a result of the most important', '09/11/2016 17:15 pm', 0, 'chat'),
(1888, 42, 312, '', ' 09/12/2016 12:30 AM', 0, 'join'),
(1889, 42, 312, 'Hi', '09/11/2016 23:31 PM', 0, 'chat'),
(1890, 42, 312, 'Hiiii', '09/12/2016 00:03 AM', 0, 'chat'),
(1891, 44, 313, 'hjj o', '09/12/2016 13:24 PM', 0, 'chat'),
(1892, 42, 313, '', ' 09/12/2016 03:13 AM', 0, 'join'),
(1893, 44, 313, 'hii', '09/12/2016 15:14 PM', 0, 'chat'),
(1894, 44, 313, 'ghhjo', '09/12/2016 15:14 PM', 0, 'chat'),
(1895, 42, 313, 'Lhzphzphzx', '09/12/2016 02:47 AM', 0, 'chat'),
(1896, 42, 313, 'Xizlbzlzbzlbzblzhzp', '09/12/2016 02:47 AM', 0, 'chat'),
(1897, 44, 324, 'hii', '09/12/2016 22:32 PM', 0, 'chat'),
(1898, 42, 324, '', ' 09/12/2016 11:15 PM', 0, 'join'),
(1899, 44, 324, 'oh hii bright roots', '09/12/2016 22:33 PM', 0, 'chat'),
(1900, 44, 324, 'here to start download', '09/12/2016 22:33 PM', 0, 'chat'),
(1901, 42, 324, 'Tiff', '09/12/2016 22:34 PM', 0, 'chat'),
(1902, 42, 324, 'Dog', '09/12/2016 22:34 PM', 0, 'chat'),
(1903, 42, 324, 'Fjf', '09/12/2016 22:34 PM', 0, 'chat'),
(1904, 42, 324, 'Xbxnx', '09/12/2016 22:34 PM', 0, 'chat'),
(1905, 42, 324, 'Fjf', '09/12/2016 22:34 PM', 0, 'chat'),
(1906, 42, 324, 'Fjf', '09/12/2016 22:34 PM', 0, 'chat'),
(1907, 42, 329, '', ' 09/13/2016 06:57 AM', 0, 'join'),
(1908, 44, 335, 'Hi', '09/13/2016 12:53 pm', 0, 'chat'),
(1909, 44, 335, 'gi', '09/13/2016 12:53 PM', 0, 'chat'),
(1910, 42, 338, 'hii', '09/13/2016 15:22 PM', 0, 'chat'),
(1911, 42, 339, '', ' 09/13/2016 11:48 AM', 0, 'join'),
(1912, 42, 339, 'hii', '09/13/2016 16:40 PM', 0, 'chat'),
(1913, 44, 339, 'hlo', '09/13/2016 16:40 PM', 0, 'chat'),
(1914, 44, 352, 'jeena', '09/14/2016 11:25 AM', 0, 'chat'),
(1915, 44, 351, 'jindgi Rahi ta fir milage', '09/14/2016 11:26 AM', 0, 'chat'),
(1916, 44, 342, 'view full name is not a good', '09/14/2016 11:26 AM', 0, 'chat'),
(1917, 42, 352, '', ' 09/14/2016 09:17 AM', 0, 'join'),
(1918, 44, 352, 'ohh', '09/14/2016 14:51 PM', 0, 'chat'),
(1919, 44, 352, 'ohh', '09/14/2016 14:51 PM', 0, 'chat'),
(1920, 44, 351, '????????', '09/14/2016 15:19 PM', 0, 'chat'),
(1921, 44, 351, 'oh', '09/14/2016 15:20 PM', 0, 'chat'),
(1922, 44, 351, 'Moo', '09/14/2016 15:20 PM', 0, 'chat'),
(1923, 44, 351, 'gci', '09/14/2016 15:20 PM', 0, 'chat'),
(1924, 44, 355, 'hi i', '09/14/2016 15:24 PM', 0, 'chat'),
(1925, 44, 363, '', ' 09/15/2016 06:17 AM', 0, 'join'),
(1926, 44, 372, '', ' 09/15/2016 10:43 AM', 0, 'join'),
(1927, 44, 373, '', ' 09/15/2016 10:59 AM', 0, 'join'),
(1928, 44, 373, 'hii', '09/15/2016 15:48 pm', 0, 'chat'),
(1929, 44, 358, 'hii', '09/15/2016 15:48 pm', 0, 'chat'),
(1930, 44, 358, 'bb\n\n\n\n\ngh', '09/15/2016 15:49 pm', 0, 'chat'),
(1931, 44, 358, 'xhhxchchxhxh', '09/15/2016 15:49 pm', 0, 'chat'),
(1932, 44, 373, 'hhhb', '09/15/2016 15:49 pm', 0, 'chat'),
(1933, 42, 373, 'Bubonic', '09/15/2016 03:20 AM', 0, 'chat'),
(1934, 44, 372, 'cnxnxhxhxh', '09/15/2016 15:51 pm', 0, 'chat'),
(1935, 44, 372, 'gkkgdo', '09/15/2016 15:51 pm', 0, 'chat'),
(1936, 44, 372, 'kckg', '09/15/2016 15:51 pm', 0, 'chat'),
(1937, 44, 372, 'nxjxjdjxk', '09/15/2016 15:51 pm', 0, 'chat'),
(1938, 44, 372, 'ztkfksktkkdmdkdkkgdxh', '09/15/2016 15:51 pm', 0, 'chat'),
(1939, 44, 372, 'k"%$7$$8$8', '09/15/2016 15:51 pm', 0, 'chat'),
(1940, 42, 372, 'Syydhxjcjcjcvj', '09/15/2016 03:21 AM', 0, 'chat'),
(1941, 44, 372, 'xvcbfjxgkgkgkgk', '09/15/2016 15:52 pm', 0, 'chat'),
(1942, 42, 372, 'Fghjjjj', '09/15/2016 03:48 AM', 0, 'chat'),
(1943, 42, 358, '', ' 09/15/2016 10:50 AM', 0, 'join'),
(1944, 42, 374, '', ' 09/15/2016 11:21 AM', 0, 'join'),
(1945, 42, 374, 'H bubonic', '09/15/2016 04:00 AM', 0, 'chat'),
(1946, 44, 374, 'gjjjj', '09/15/2016 16:30 pm', 0, 'chat'),
(1947, 42, 374, 'H mini', '09/15/2016 04:00 AM', 0, 'chat'),
(1948, 44, 374, 'hbhhhh', '09/15/2016 16:30 pm', 0, 'chat'),
(1949, 44, 374, 'ghh', '09/15/2016 16:31 pm', 0, 'chat'),
(1950, 42, 374, 'Kjkinmi', '09/15/2016 04:00 AM', 0, 'chat'),
(1951, 44, 374, 'vggg', '09/15/2016 16:33 pm', 0, 'chat'),
(1952, 42, 374, 'Bjhff', '09/15/2016 04:00 AM', 0, 'chat'),
(1953, 44, 374, 'fghhb', '09/15/2016 16:33 pm', 0, 'chat'),
(1954, 44, 373, '', ' 09/15/2016 11:37 AM', 0, 'join'),
(1955, 42, 373, 'Ggh', '09/15/2016 04:26 AM', 0, 'chat'),
(1956, 42, 372, 'Nnnnn', '09/15/2016 04:27 AM', 0, 'chat'),
(1957, 42, 372, 'Hhhhhhh', '09/15/2016 04:27 AM', 0, 'chat'),
(1958, 42, 372, 'Jinn nnn', '09/15/2016 04:27 AM', 0, 'chat'),
(1959, 42, 372, 'Ghhhh', '09/15/2016 04:27 AM', 0, 'chat'),
(1960, 42, 372, 'Wwwww', '09/15/2016 04:27 AM', 0, 'chat'),
(1961, 44, 372, '', ' 09/15/2016 11:43 AM', 0, 'join'),
(1962, 42, 374, '', ' 09/15/2016 11:37 AM', 0, 'join'),
(1963, 42, 374, '', ' 09/15/2016 11:52 AM', 0, 'join'),
(1964, 44, 375, 'ghjj', '09/15/2016 17:09 PM', 0, 'chat'),
(1965, 42, 375, '', ' 09/15/2016 11:27 AM', 0, 'join'),
(1966, 42, 375, 'Ggh', '09/15/2016 04:44 AM', 0, 'chat'),
(1967, 42, 375, 'Ghhf', '09/15/2016 04:44 AM', 0, 'chat'),
(1968, 42, 375, 'Ggh', '09/15/2016 04:45 AM', 0, 'chat'),
(1969, 44, 377, '', ' 09/15/2016 12:07 PM', 0, 'join'),
(1970, 44, 378, '', ' 09/15/2016 01:48 PM', 0, 'join'),
(1971, 44, 379, '', ' 09/15/2016 01:11 PM', 0, 'join'),
(1972, 44, 379, 'hii', '09/15/2016 18:42 PM', 0, 'chat'),
(1973, 44, 379, 'hello', '09/15/2016 18:42 PM', 0, 'chat'),
(1974, 42, 378, 'Hello', '09/15/2016 06:14 AM', 0, 'chat'),
(1975, 42, 381, '', ' 09/16/2016 04:25 AM', 0, 'join'),
(1976, 42, 381, '', ' 09/16/2016 06:30 AM', 0, 'join'),
(1977, 42, 381, '', ' 09/16/2016 06:01 AM', 0, 'join'),
(1978, 44, 381, 'tre', '09/16/2016 14:56 PM', 0, 'chat'),
(1979, 44, 381, ',bxjdxhzj', '09/16/2016 14:56 PM', 0, 'chat'),
(1980, 44, 381, 'vzjxxhxbbzxbbd', '09/16/2016 14:56 PM', 0, 'chat'),
(1981, 42, 381, 'Off jdj', '09/16/2016 02:27 AM', 0, 'chat'),
(1982, 44, 381, 'bncjxjxjxzu', '09/16/2016 14:57 PM', 0, 'chat'),
(1983, 42, 381, 'Jdjd', '09/16/2016 02:27 AM', 0, 'chat'),
(1984, 42, 398, '', ' 09/16/2016 10:54 AM', 0, 'join');

-- --------------------------------------------------------

--
-- Table structure for table `chatstatus`
--

CREATE TABLE IF NOT EXISTS `chatstatus` (
  `id` int(11) NOT NULL,
  `chatid` int(11) NOT NULL,
  `userid` int(11) NOT NULL,
  `eventid` int(11) NOT NULL
) ENGINE=MyISAM AUTO_INCREMENT=941 DEFAULT CHARSET=latin1;

--
-- Dumping data for table `chatstatus`
--

INSERT INTO `chatstatus` (`id`, `chatid`, `userid`, `eventid`) VALUES
(1, 1354, 42, 191),
(2, 1356, 42, 191),
(3, 1355, 42, 200),
(4, 1357, 42, 191),
(5, 1358, 42, 200),
(6, 1359, 42, 200),
(7, 1360, 42, 191),
(8, 1361, 42, 191),
(9, 1362, 42, 200),
(10, 1363, 42, 200),
(11, 1364, 42, 191),
(12, 1365, 42, 191),
(13, 1366, 42, 191),
(14, 1367, 42, 191),
(15, 1368, 42, 191),
(16, 1369, 42, 191),
(17, 1370, 42, 191),
(18, 1371, 42, 200),
(19, 1372, 42, 200),
(20, 1370, 44, 191),
(21, 1372, 44, 200),
(22, 1375, 42, 191),
(23, 1375, 44, 191),
(24, 1376, 42, 191),
(25, 1376, 44, 191),
(26, 1377, 42, 191),
(27, 1377, 44, 191),
(28, 1378, 44, 191),
(29, 1378, 42, 191),
(30, 1379, 44, 191),
(31, 1379, 42, 191),
(32, 1380, 42, 191),
(33, 1382, 44, 204),
(34, 1383, 44, 205),
(35, 1383, 50, 205),
(36, 1384, 50, 208),
(37, 1385, 50, 208),
(38, 1386, 50, 208),
(39, 1388, 50, 208),
(40, 1396, 50, 219),
(41, 1399, 50, 219),
(42, 1400, 50, 219),
(43, 1401, 50, 219),
(44, 1402, 50, 219),
(45, 1402, 44, 219),
(46, 1403, 44, 219),
(47, 1403, 50, 219),
(48, 1404, 44, 219),
(49, 1404, 50, 219),
(50, 1405, 44, 219),
(51, 1405, 50, 219),
(52, 1406, 44, 219),
(53, 1406, 50, 219),
(54, 1407, 50, 219),
(55, 1407, 44, 219),
(56, 1408, 44, 219),
(57, 1408, 50, 219),
(58, 1409, 44, 219),
(59, 1409, 50, 219),
(60, 1410, 50, 219),
(61, 1410, 44, 219),
(62, 1411, 44, 219),
(63, 1411, 50, 219),
(64, 1412, 50, 219),
(65, 1412, 44, 219),
(66, 1413, 44, 219),
(67, 1413, 50, 219),
(68, 1393, 50, 214),
(69, 1393, 44, 214),
(70, 1414, 50, 214),
(71, 1414, 44, 214),
(72, 1415, 50, 219),
(73, 1415, 44, 219),
(74, 1416, 50, 214),
(75, 1416, 44, 214),
(76, 1417, 50, 214),
(77, 1417, 44, 214),
(78, 1418, 42, 224),
(79, 1419, 42, 224),
(80, 1420, 42, 223),
(81, 1421, 42, 223),
(82, 1422, 42, 223),
(83, 1423, 42, 223),
(84, 1425, 42, 223),
(85, 1426, 42, 223),
(86, 1427, 42, 223),
(87, 1428, 42, 223),
(88, 1429, 42, 245),
(89, 1433, 44, 251),
(90, 1432, 42, 250),
(91, 1434, 42, 250),
(92, 1435, 44, 250),
(93, 1436, 44, 250),
(94, 1436, 42, 250),
(95, 1437, 44, 250),
(96, 1437, 42, 250),
(97, 1439, 44, 250),
(98, 1439, 42, 250),
(99, 1441, 42, 250),
(100, 1428, 46, 223),
(101, 1443, 46, 253),
(102, 1444, 46, 253),
(103, 1444, 42, 253),
(104, 1445, 42, 253),
(105, 1446, 42, 253),
(106, 1446, 46, 253),
(107, 1447, 42, 253),
(108, 1448, 42, 253),
(109, 1448, 46, 253),
(110, 1449, 42, 255),
(111, 1449, 44, 255),
(112, 1450, 42, 256),
(113, 1451, 42, 256),
(114, 1452, 42, 257),
(115, 1453, 42, 257),
(116, 1454, 42, 258),
(117, 1454, 44, 258),
(118, 1455, 44, 258),
(119, 1455, 42, 258),
(120, 1456, 44, 258),
(121, 1457, 44, 258),
(122, 1458, 44, 258),
(123, 1459, 44, 258),
(124, 1460, 44, 258),
(125, 1461, 44, 258),
(126, 1462, 44, 258),
(127, 1463, 44, 258),
(128, 1463, 42, 258),
(129, 1464, 44, 258),
(130, 1464, 42, 258),
(131, 1465, 42, 258),
(132, 1465, 44, 258),
(133, 1466, 44, 258),
(134, 1466, 42, 258),
(135, 1467, 42, 258),
(136, 1468, 42, 258),
(137, 1469, 42, 258),
(138, 1470, 42, 258),
(139, 1470, 44, 258),
(140, 1471, 44, 258),
(141, 1471, 42, 258),
(142, 1472, 42, 258),
(143, 1473, 42, 258),
(144, 1474, 42, 258),
(145, 1474, 44, 258),
(146, 1475, 42, 258),
(147, 1475, 44, 258),
(148, 1476, 42, 258),
(149, 1476, 44, 258),
(150, 1477, 44, 258),
(151, 1477, 42, 258),
(152, 1478, 42, 258),
(153, 1479, 42, 258),
(154, 1479, 44, 258),
(155, 1480, 44, 258),
(156, 1480, 42, 258),
(157, 1481, 44, 258),
(158, 1481, 42, 258),
(159, 1482, 44, 258),
(160, 1482, 42, 258),
(161, 1483, 42, 258),
(162, 1484, 42, 258),
(163, 1485, 42, 258),
(164, 1486, 42, 258),
(165, 1487, 42, 258),
(166, 1488, 42, 258),
(167, 1489, 44, 258),
(168, 1489, 42, 258),
(169, 1490, 42, 258),
(170, 1490, 44, 258),
(171, 1491, 42, 258),
(172, 1491, 44, 258),
(173, 1492, 42, 258),
(174, 1492, 44, 258),
(175, 1493, 42, 258),
(176, 1493, 44, 258),
(177, 1494, 42, 258),
(178, 1495, 42, 258),
(179, 1496, 42, 258),
(180, 1497, 42, 258),
(181, 1498, 44, 258),
(182, 1498, 42, 258),
(183, 1499, 42, 258),
(184, 1500, 42, 258),
(185, 1501, 42, 258),
(186, 1502, 42, 258),
(187, 1503, 42, 258),
(188, 1503, 44, 258),
(189, 1504, 42, 258),
(190, 1504, 44, 258),
(191, 1505, 44, 258),
(192, 1505, 42, 258),
(193, 1506, 42, 258),
(194, 1506, 44, 258),
(195, 1507, 44, 258),
(196, 1508, 42, 259),
(197, 1507, 42, 258),
(198, 1508, 42, 258),
(199, 1509, 42, 258),
(200, 1509, 44, 258),
(201, 1510, 42, 258),
(202, 1510, 44, 258),
(203, 1511, 42, 258),
(204, 1511, 44, 258),
(205, 1512, 44, 258),
(206, 1512, 42, 258),
(207, 1513, 42, 258),
(208, 1513, 44, 258),
(209, 1514, 44, 258),
(210, 1514, 42, 258),
(211, 1515, 42, 258),
(212, 1515, 44, 258),
(213, 1516, 44, 258),
(214, 1516, 42, 258),
(215, 1517, 42, 258),
(216, 1517, 44, 258),
(217, 1518, 44, 258),
(218, 1518, 42, 258),
(219, 1519, 42, 258),
(220, 1519, 44, 258),
(221, 1520, 44, 258),
(222, 1520, 42, 258),
(223, 1521, 42, 258),
(224, 1521, 44, 258),
(225, 1522, 42, 258),
(226, 1522, 44, 258),
(227, 1523, 42, 258),
(228, 1524, 44, 259),
(229, 1525, 44, 259),
(230, 1525, 42, 259),
(231, 1526, 42, 259),
(232, 1331, 44, 260),
(233, 1528, 44, 260),
(234, 1526, 44, 259),
(235, 1527, 42, 257),
(236, 1528, 42, 257),
(237, 1529, 42, 257),
(238, 1530, 42, 257),
(239, 1531, 42, 257),
(240, 1527, 42, 259),
(241, 1532, 42, 259),
(242, 1533, 42, 259),
(243, 1534, 42, 259),
(244, 1535, 42, 259),
(245, 1532, 42, 257),
(246, 1535, 42, 257),
(247, 1524, 42, 258),
(248, 1536, 42, 258),
(249, 1537, 42, 258),
(250, 1538, 42, 258),
(251, 1539, 42, 260),
(252, 1540, 42, 261),
(253, 1541, 42, 261),
(254, 1540, 42, 260),
(255, 1542, 42, 260),
(256, 1535, 44, 257),
(257, 1543, 44, 257),
(258, 1542, 44, 260),
(259, 1543, 42, 257),
(260, 1544, 42, 257),
(261, 1544, 44, 257),
(262, 1545, 44, 257),
(263, 1545, 42, 257),
(264, 1546, 42, 257),
(265, 1546, 44, 257),
(266, 1547, 44, 257),
(267, 1547, 42, 257),
(268, 1548, 42, 257),
(269, 1549, 42, 257),
(270, 1550, 44, 260),
(271, 1551, 44, 260),
(272, 1552, 44, 260),
(273, 1553, 44, 260),
(274, 1554, 44, 260),
(275, 1555, 44, 260),
(276, 1555, 42, 260),
(277, 1550, 42, 257),
(278, 1556, 42, 257),
(279, 1557, 44, 260),
(280, 1558, 44, 260),
(281, 1558, 42, 260),
(282, 1556, 44, 257),
(283, 1559, 44, 260),
(284, 1560, 44, 260),
(285, 1561, 44, 260),
(286, 1561, 42, 260),
(287, 1562, 42, 260),
(288, 1562, 44, 260),
(289, 1563, 44, 260),
(290, 1564, 44, 260),
(291, 1564, 42, 260),
(292, 1565, 44, 260),
(293, 1566, 44, 260),
(294, 1567, 44, 260),
(295, 1568, 44, 260),
(296, 1568, 42, 260),
(297, 1569, 42, 260),
(298, 1569, 44, 260),
(299, 1570, 44, 260),
(300, 1570, 42, 260),
(301, 1571, 42, 260),
(302, 1571, 44, 260),
(303, 1572, 44, 260),
(304, 1572, 42, 260),
(305, 1573, 42, 260),
(306, 1574, 42, 260),
(307, 1574, 44, 260),
(308, 1575, 44, 260),
(309, 1577, 44, 260),
(310, 1578, 44, 260),
(311, 1579, 44, 260),
(312, 1579, 42, 260),
(313, 1580, 44, 260),
(314, 1581, 44, 260),
(315, 1582, 44, 260),
(316, 1583, 44, 260),
(317, 1583, 42, 260),
(318, 1584, 42, 260),
(319, 1584, 44, 260),
(320, 1585, 42, 260),
(321, 1586, 42, 260),
(322, 1586, 44, 260),
(323, 1587, 42, 260),
(324, 1587, 44, 260),
(325, 1588, 42, 260),
(326, 1588, 44, 260),
(327, 1589, 42, 260),
(328, 1589, 44, 260),
(329, 1590, 44, 260),
(330, 1590, 42, 260),
(331, 1591, 44, 260),
(332, 1591, 42, 260),
(333, 1592, 44, 260),
(334, 1592, 42, 260),
(335, 1593, 44, 260),
(336, 1593, 42, 260),
(337, 1594, 42, 260),
(338, 1595, 42, 260),
(339, 1595, 44, 260),
(340, 1596, 44, 260),
(341, 1596, 42, 260),
(342, 1597, 42, 260),
(343, 1598, 42, 260),
(344, 1598, 44, 260),
(345, 1599, 42, 260),
(346, 1600, 44, 260),
(347, 1600, 42, 260),
(348, 1601, 44, 260),
(349, 1601, 42, 260),
(350, 1602, 42, 260),
(351, 1602, 44, 260),
(352, 1603, 42, 260),
(353, 1604, 42, 260),
(354, 1605, 42, 260),
(355, 1606, 42, 260),
(356, 1607, 42, 260),
(357, 1608, 42, 260),
(358, 1609, 42, 260),
(359, 1557, 42, 257),
(360, 1610, 42, 260),
(361, 1611, 42, 260),
(362, 1610, 42, 257),
(363, 1611, 42, 257),
(364, 1612, 42, 257),
(365, 1612, 42, 260),
(366, 1613, 42, 260),
(367, 1614, 42, 260),
(368, 1615, 42, 260),
(369, 1613, 42, 257),
(370, 1616, 42, 257),
(371, 1617, 42, 257),
(372, 1618, 42, 260),
(373, 1616, 42, 260),
(374, 1542, 42, 261),
(375, 1619, 42, 261),
(376, 1619, 42, 260),
(377, 1620, 42, 260),
(378, 1620, 42, 261),
(379, 1621, 42, 261),
(380, 1622, 42, 261),
(381, 1621, 42, 260),
(382, 1623, 42, 260),
(383, 1623, 42, 261),
(384, 1624, 42, 261),
(385, 1624, 42, 260),
(386, 1625, 42, 260),
(387, 1625, 42, 261),
(388, 1626, 42, 261),
(389, 1627, 42, 261),
(390, 1626, 42, 260),
(391, 1628, 42, 260),
(392, 1629, 42, 260),
(393, 1628, 42, 261),
(394, 1630, 42, 261),
(395, 1631, 42, 261),
(396, 1618, 42, 257),
(397, 1632, 42, 257),
(398, 1630, 42, 260),
(399, 1633, 42, 260),
(400, 1634, 42, 260),
(401, 1635, 42, 260),
(402, 1633, 42, 257),
(403, 1636, 42, 257),
(404, 1636, 42, 260),
(405, 1637, 42, 260),
(406, 1637, 44, 260),
(407, 1638, 42, 260),
(408, 1637, 42, 257),
(409, 1639, 42, 257),
(410, 1639, 44, 257),
(411, 1640, 44, 257),
(412, 1640, 42, 257),
(413, 1641, 42, 257),
(414, 1638, 44, 260),
(415, 1642, 44, 260),
(416, 1643, 44, 260),
(417, 1643, 42, 260),
(418, 1644, 44, 260),
(419, 1644, 42, 260),
(420, 1645, 42, 260),
(421, 1646, 42, 260),
(422, 1632, 42, 261),
(423, 1646, 44, 260),
(424, 1647, 42, 261),
(425, 1648, 44, 260),
(426, 1641, 44, 257),
(427, 1648, 42, 260),
(428, 1649, 44, 257),
(429, 1649, 42, 257),
(430, 1650, 42, 257),
(431, 1651, 44, 260),
(432, 1651, 42, 260),
(433, 1652, 42, 260),
(434, 1650, 44, 257),
(435, 1653, 44, 257),
(436, 1652, 44, 260),
(437, 1653, 42, 257),
(438, 1654, 44, 257),
(439, 1654, 42, 257),
(440, 1655, 42, 257),
(441, 1655, 44, 257),
(442, 1656, 44, 257),
(443, 1657, 44, 257),
(444, 1657, 42, 257),
(445, 1658, 44, 257),
(446, 1658, 42, 257),
(447, 1659, 44, 261),
(448, 1660, 44, 261),
(449, 1660, 42, 261),
(450, 1661, 42, 261),
(451, 1661, 44, 261),
(452, 1659, 42, 257),
(453, 1662, 44, 261),
(454, 1662, 42, 261),
(455, 1663, 44, 257),
(456, 1663, 42, 261),
(457, 1665, 44, 257),
(458, 1665, 42, 257),
(459, 1664, 44, 261),
(460, 1666, 42, 257),
(461, 1667, 44, 261),
(462, 1667, 42, 261),
(463, 1666, 44, 257),
(464, 1668, 42, 261),
(465, 1669, 44, 257),
(466, 1669, 42, 257),
(467, 1668, 44, 261),
(468, 1670, 44, 261),
(469, 1670, 42, 257),
(470, 1671, 42, 257),
(471, 1671, 44, 257),
(472, 1672, 42, 257),
(473, 1672, 44, 257),
(474, 1670, 42, 261),
(475, 1673, 44, 257),
(476, 1671, 42, 261),
(477, 1674, 42, 261),
(478, 1675, 42, 261),
(479, 1676, 42, 261),
(480, 1677, 42, 261),
(481, 1678, 42, 261),
(482, 1679, 42, 261),
(483, 1679, 44, 257),
(484, 1680, 42, 261),
(485, 1681, 42, 261),
(486, 1682, 42, 261),
(487, 1683, 42, 261),
(488, 1684, 42, 261),
(489, 1685, 42, 261),
(490, 1686, 42, 261),
(491, 1686, 44, 261),
(492, 1687, 42, 261),
(493, 1687, 44, 261),
(494, 1688, 42, 261),
(495, 1688, 44, 261),
(496, 1689, 42, 261),
(497, 1690, 42, 261),
(498, 1690, 44, 261),
(499, 1691, 42, 261),
(500, 1692, 42, 261),
(501, 1692, 44, 261),
(502, 1693, 42, 261),
(503, 1695, 44, 261),
(504, 1694, 42, 261),
(505, 1695, 42, 261),
(506, 1697, 44, 261),
(507, 1696, 42, 261),
(508, 1698, 44, 261),
(509, 1697, 42, 261),
(510, 1698, 42, 261),
(511, 1699, 44, 261),
(512, 1699, 42, 261),
(513, 1679, 42, 257),
(514, 1680, 42, 257),
(515, 1700, 42, 257),
(516, 1701, 42, 257),
(517, 1702, 42, 257),
(518, 1703, 42, 257),
(519, 1704, 44, 260),
(520, 1704, 42, 260),
(521, 1705, 45, 264),
(522, 1706, 45, 264),
(523, 1707, 45, 267),
(524, 1708, 45, 267),
(525, 1709, 45, 268),
(526, 1711, 42, 270),
(527, 1712, 42, 270),
(528, 1713, 44, 271),
(529, 1714, 44, 271),
(530, 1715, 44, 272),
(531, 1715, 42, 272),
(532, 1716, 44, 272),
(533, 1716, 42, 272),
(534, 1717, 44, 272),
(535, 1718, 44, 272),
(536, 1718, 42, 272),
(537, 1719, 46, 273),
(538, 1719, 44, 273),
(539, 1720, 44, 273),
(540, 1720, 46, 273),
(541, 1721, 44, 273),
(542, 1722, 46, 273),
(543, 1723, 44, 273),
(544, 1724, 44, 273),
(545, 1725, 46, 273),
(546, 1726, 46, 273),
(547, 1727, 46, 273),
(548, 1728, 46, 273),
(549, 1729, 42, 274),
(550, 1729, 46, 274),
(551, 1730, 46, 274),
(552, 1730, 42, 274),
(553, 1731, 46, 274),
(554, 1732, 46, 274),
(555, 1732, 42, 274),
(556, 1733, 42, 274),
(557, 1733, 46, 274),
(558, 1728, 44, 273),
(559, 1734, 44, 273),
(560, 1735, 44, 273),
(561, 1735, 42, 273),
(562, 1736, 42, 273),
(563, 1737, 42, 273),
(564, 1737, 44, 273),
(565, 1738, 44, 273),
(566, 1738, 42, 273),
(567, 1739, 42, 273),
(568, 1740, 42, 273),
(569, 1741, 42, 273),
(570, 1741, 44, 273),
(571, 1742, 44, 273),
(572, 1743, 44, 273),
(573, 1743, 42, 273),
(574, 1744, 42, 260),
(575, 1744, 44, 260),
(576, 1745, 44, 260),
(577, 1746, 44, 260),
(578, 1745, 42, 260),
(579, 1746, 42, 260),
(580, 1747, 42, 260),
(581, 1748, 42, 260),
(582, 1748, 44, 260),
(583, 1749, 44, 260),
(584, 1749, 42, 260),
(585, 1750, 44, 260),
(586, 1750, 42, 260),
(587, 1751, 44, 260),
(588, 1752, 44, 260),
(589, 1752, 42, 260),
(590, 1753, 42, 260),
(591, 1754, 42, 260),
(592, 1755, 42, 260),
(593, 1756, 42, 260),
(594, 1757, 42, 260),
(595, 1758, 42, 260),
(596, 1759, 42, 260),
(597, 1760, 42, 260),
(598, 1761, 42, 260),
(599, 1762, 42, 260),
(600, 1762, 44, 260),
(601, 1744, 42, 273),
(602, 1763, 42, 273),
(603, 1734, 42, 274),
(604, 1764, 42, 274),
(605, 1763, 44, 273),
(606, 1766, 44, 276),
(607, 1767, 44, 276),
(608, 1767, 42, 276),
(609, 1768, 42, 276),
(610, 1769, 42, 276),
(611, 1770, 42, 276),
(612, 1771, 42, 277),
(613, 1772, 42, 277),
(614, 1773, 42, 278),
(615, 1774, 42, 279),
(616, 1775, 42, 280),
(617, 1776, 42, 280),
(618, 1777, 42, 281),
(619, 1778, 42, 282),
(620, 1778, 44, 282),
(621, 1779, 44, 282),
(622, 1779, 42, 282),
(623, 1780, 42, 282),
(624, 1781, 42, 282),
(625, 1781, 44, 282),
(626, 1764, 42, 273),
(627, 1782, 42, 273),
(628, 1783, 42, 273),
(629, 1782, 42, 282),
(630, 1784, 42, 282),
(631, 1784, 42, 273),
(632, 1785, 42, 273),
(633, 1786, 42, 275),
(634, 1787, 42, 283),
(635, 1788, 44, 298),
(636, 1789, 44, 297),
(637, 1790, 42, 299),
(638, 1791, 44, 297),
(639, 1792, 42, 303),
(640, 1793, 42, 298),
(641, 1794, 42, 298),
(642, 1794, 44, 298),
(643, 1795, 44, 298),
(644, 1795, 42, 298),
(645, 1796, 42, 298),
(646, 1796, 44, 298),
(647, 1797, 42, 298),
(648, 1791, 42, 299),
(649, 1798, 42, 299),
(650, 1799, 42, 299),
(651, 1797, 44, 298),
(652, 1800, 42, 304),
(653, 1801, 42, 304),
(654, 1798, 42, 298),
(655, 1802, 42, 298),
(656, 1803, 42, 298),
(657, 1804, 42, 298),
(658, 1805, 42, 298),
(659, 1806, 42, 298),
(660, 1806, 44, 298),
(661, 1807, 42, 298),
(662, 1808, 42, 298),
(663, 1808, 44, 298),
(664, 1809, 42, 298),
(665, 1809, 44, 298),
(666, 1810, 44, 298),
(667, 1811, 44, 298),
(668, 1812, 44, 298),
(669, 1812, 42, 298),
(670, 1813, 42, 298),
(671, 1813, 44, 298),
(672, 1814, 42, 298),
(673, 1814, 44, 298),
(674, 1815, 44, 298),
(675, 1816, 44, 298),
(676, 1817, 42, 297),
(677, 1818, 42, 297),
(678, 1818, 44, 297),
(679, 1819, 44, 297),
(680, 1819, 42, 297),
(681, 1820, 44, 299),
(682, 1820, 42, 299),
(683, 1821, 44, 299),
(684, 1821, 42, 299),
(685, 1822, 42, 299),
(686, 1822, 44, 299),
(687, 1823, 42, 299),
(688, 1823, 44, 299),
(689, 1816, 42, 298),
(690, 1824, 42, 305),
(691, 1824, 44, 305),
(692, 1825, 44, 305),
(693, 1826, 44, 305),
(694, 1827, 44, 305),
(695, 1828, 44, 305),
(696, 1829, 44, 305),
(697, 1829, 42, 305),
(698, 1830, 42, 306),
(699, 1830, 44, 306),
(700, 1831, 44, 306),
(701, 1831, 42, 306),
(702, 1832, 44, 306),
(703, 1832, 42, 306),
(704, 1833, 42, 306),
(705, 1833, 44, 306),
(706, 1834, 42, 307),
(707, 1834, 44, 307),
(708, 1835, 42, 307),
(709, 1835, 44, 307),
(710, 1836, 42, 308),
(711, 1836, 44, 308),
(712, 1837, 44, 309),
(713, 1837, 42, 309),
(714, 1838, 42, 310),
(715, 1838, 44, 310),
(716, 1839, 42, 310),
(717, 1839, 44, 310),
(718, 1840, 42, 310),
(719, 1840, 44, 310),
(720, 1841, 42, 310),
(721, 1842, 42, 310),
(722, 1842, 44, 310),
(723, 1824, 42, 299),
(724, 1843, 42, 299),
(725, 1844, 42, 299),
(726, 1845, 42, 299),
(727, 1846, 42, 299),
(728, 1847, 42, 299),
(729, 1848, 42, 299),
(730, 1849, 42, 299),
(731, 1850, 42, 299),
(732, 1850, 44, 299),
(733, 1851, 44, 299),
(734, 1852, 44, 299),
(735, 1853, 44, 299),
(736, 1853, 42, 299),
(737, 1854, 44, 299),
(738, 1854, 42, 299),
(739, 1855, 42, 299),
(740, 1855, 44, 299),
(741, 1856, 42, 299),
(742, 1856, 44, 299),
(743, 1857, 42, 299),
(744, 1857, 44, 299),
(745, 1858, 42, 299),
(746, 1858, 44, 299),
(747, 1859, 42, 299),
(748, 1859, 44, 299),
(749, 1860, 42, 299),
(750, 1860, 44, 299),
(751, 1861, 42, 299),
(752, 1861, 44, 299),
(753, 1862, 42, 299),
(754, 1862, 44, 299),
(755, 1863, 42, 299),
(756, 1863, 44, 299),
(757, 1864, 42, 299),
(758, 1864, 44, 299),
(759, 1865, 44, 299),
(760, 1865, 42, 299),
(761, 1866, 42, 299),
(762, 1866, 44, 299),
(763, 1867, 42, 299),
(764, 1867, 44, 299),
(765, 1868, 42, 299),
(766, 1868, 44, 299),
(767, 1869, 42, 299),
(768, 1869, 44, 299),
(769, 1870, 42, 299),
(770, 1870, 44, 299),
(771, 1871, 42, 299),
(772, 1871, 44, 299),
(773, 1872, 42, 299),
(774, 1873, 42, 299),
(775, 1873, 44, 299),
(776, 1874, 42, 299),
(777, 1874, 44, 299),
(778, 1875, 42, 299),
(779, 1843, 42, 310),
(780, 1844, 42, 310),
(781, 1877, 42, 310),
(782, 1878, 42, 310),
(783, 1879, 42, 310),
(784, 1880, 42, 310),
(785, 1881, 42, 310),
(786, 1876, 42, 299),
(787, 1881, 42, 299),
(788, 1880, 44, 310),
(789, 1881, 44, 299),
(790, 1882, 44, 299),
(791, 1882, 42, 299),
(792, 1883, 42, 299),
(793, 1884, 44, 311),
(794, 1885, 44, 311),
(795, 1886, 44, 311),
(796, 1887, 44, 311),
(797, 1888, 42, 312),
(798, 1889, 42, 312),
(799, 1889, 44, 312),
(800, 1890, 42, 312),
(801, 1890, 44, 312),
(802, 1891, 44, 313),
(803, 1892, 44, 313),
(804, 1893, 44, 313),
(805, 1893, 42, 313),
(806, 1894, 44, 313),
(807, 1894, 42, 313),
(808, 1895, 42, 313),
(809, 1895, 44, 313),
(810, 1896, 42, 313),
(811, 1896, 44, 313),
(812, 1897, 44, 324),
(813, 1898, 44, 324),
(814, 1899, 44, 324),
(815, 1899, 42, 324),
(816, 1900, 44, 324),
(817, 1900, 42, 324),
(818, 1901, 42, 324),
(819, 1902, 42, 324),
(820, 1902, 44, 324),
(821, 1903, 42, 324),
(822, 1903, 44, 324),
(823, 1904, 42, 324),
(824, 1904, 44, 324),
(825, 1905, 42, 324),
(826, 1906, 42, 324),
(827, 1906, 44, 324),
(828, 1907, 42, 329),
(829, 1908, 44, 335),
(830, 1909, 44, 335),
(831, 1907, 44, 329),
(832, 1910, 42, 338),
(833, 1911, 42, 339),
(834, 1911, 44, 339),
(835, 1912, 42, 339),
(836, 1912, 44, 339),
(837, 1913, 44, 339),
(838, 1913, 42, 339),
(839, 1914, 44, 352),
(840, 1915, 44, 351),
(841, 1916, 44, 342),
(842, 1917, 44, 352),
(843, 1919, 44, 352),
(844, 1920, 44, 351),
(845, 1921, 44, 351),
(846, 1922, 44, 351),
(847, 1923, 44, 351),
(848, 1924, 44, 355),
(849, 1926, 44, 372),
(850, 1927, 44, 373),
(851, 1928, 44, 373),
(852, 1928, 42, 373),
(853, 1926, 42, 372),
(854, 1929, 44, 358),
(855, 1930, 44, 358),
(856, 1931, 44, 358),
(857, 1932, 44, 373),
(858, 1932, 42, 373),
(859, 1933, 42, 373),
(860, 1933, 44, 373),
(861, 1934, 44, 372),
(862, 1935, 42, 372),
(863, 1935, 44, 372),
(864, 1936, 44, 372),
(865, 1936, 42, 372),
(866, 1937, 44, 372),
(867, 1937, 42, 372),
(868, 1938, 44, 372),
(869, 1938, 42, 372),
(870, 1939, 44, 372),
(871, 1939, 42, 372),
(872, 1940, 42, 372),
(873, 1940, 44, 372),
(874, 1941, 44, 372),
(875, 1941, 42, 372),
(876, 1942, 42, 372),
(877, 1942, 44, 372),
(878, 1944, 42, 374),
(879, 1945, 42, 374),
(880, 1945, 44, 374),
(881, 1946, 44, 374),
(882, 1946, 42, 374),
(883, 1947, 42, 374),
(884, 1947, 44, 374),
(885, 1948, 44, 374),
(886, 1948, 42, 374),
(887, 1949, 44, 374),
(888, 1949, 42, 374),
(889, 1950, 42, 374),
(890, 1950, 44, 374),
(891, 1951, 44, 374),
(892, 1951, 42, 374),
(893, 1952, 42, 374),
(894, 1953, 44, 374),
(895, 1953, 42, 374),
(896, 1943, 42, 358),
(897, 1943, 44, 358),
(898, 1954, 44, 373),
(899, 1954, 42, 373),
(900, 1955, 42, 373),
(901, 1955, 44, 373),
(902, 1943, 42, 372),
(903, 1956, 42, 372),
(904, 1957, 42, 372),
(905, 1958, 42, 372),
(906, 1959, 42, 372),
(907, 1960, 42, 372),
(908, 1961, 44, 372),
(909, 1961, 42, 372),
(910, 1965, 42, 375),
(911, 1966, 42, 375),
(912, 1966, 44, 375),
(913, 1967, 42, 375),
(914, 1968, 42, 375),
(915, 1968, 44, 375),
(916, 1963, 44, 374),
(917, 1963, 42, 374),
(918, 1969, 44, 377),
(919, 1970, 44, 378),
(920, 1971, 44, 379),
(921, 1972, 44, 379),
(922, 1973, 44, 379),
(923, 1973, 42, 379),
(924, 1970, 42, 378),
(925, 1971, 42, 378),
(926, 1974, 42, 378),
(927, 1969, 42, 377),
(928, 1974, 44, 378),
(929, 1975, 44, 381),
(930, 1975, 42, 381),
(931, 1976, 42, 381),
(932, 1977, 42, 381),
(933, 1977, 44, 381),
(934, 1980, 42, 381),
(935, 1981, 42, 381),
(936, 1981, 44, 381),
(937, 1982, 42, 381),
(938, 1983, 42, 381),
(939, 1983, 44, 381),
(940, 1984, 42, 398);

-- --------------------------------------------------------

--
-- Table structure for table `class`
--

CREATE TABLE IF NOT EXISTS `class` (
  `classid` int(11) NOT NULL,
  `rollno` varchar(255) NOT NULL,
  `name` varchar(255) NOT NULL,
  `proffessor` varchar(255) NOT NULL,
  `user_id` int(11) NOT NULL
) ENGINE=InnoDB AUTO_INCREMENT=722 DEFAULT CHARSET=latin1;

--
-- Dumping data for table `class`
--

INSERT INTO `class` (`classid`, `rollno`, `name`, `proffessor`, `user_id`) VALUES
(497, '', 'CSE678', 'Mm', 43),
(517, '', 'CSE434', 'Grover', 46),
(518, '', 'CSE445', 'Chen', 46),
(519, '', 'CSE450', 'Xue', 46),
(520, '', 'CSE486', 'Balasooriya', 46),
(521, '', 'HST303', 'Machander', 46),
(585, '', 'CSE450', 'Hio', 47),
(586, '', 'CSE445', 'Bhim', 47),
(587, '', 'SES100', 'fhjf', 46),
(627, '', 'CSE465', 'Yau', 48),
(628, '', 'CSE486', ' Balasooriya', 48),
(629, '', 'CSE535', ' Banerjee', 48),
(630, '', 'CSE565', ' Collofello', 48),
(643, '', 'CSE450', 'Gooddd', 43),
(645, '', 'SOS101', 'Nagy', 49),
(646, '', 'SOS110', ' Parajuli', 49),
(647, '', 'SOS111', ' MacFadyen', 49),
(648, '', 'SPA111', ' Hagen', 49),
(649, '', 'WST100', ' Redman', 49),
(664, '', 'CSE113', 'Sass', 50),
(681, '', 'HPS322', 'dhsjs', 46),
(683, '', 'NEW234', 'snsns', 46),
(693, '', 'CSE444', 'James Stu', 46),
(703, '', 'CSE444', 'Hzhs', 44),
(709, '', 'CSE444', 'Uio', 42),
(711, '', 'AAA123', 'Vvv', 42),
(717, '', 'FFF345', 'Vvv', 44),
(719, '', 'BJB684', 'Jj', 44),
(720, '', 'BJB684', 'H Bi', 42),
(721, '', 'AAA123', 'Hkcck', 44);

-- --------------------------------------------------------

--
-- Table structure for table `deletedgrp`
--

CREATE TABLE IF NOT EXISTS `deletedgrp` (
  `id` int(11) NOT NULL,
  `userid` int(11) NOT NULL,
  `eventid` int(11) NOT NULL
) ENGINE=MyISAM AUTO_INCREMENT=10 DEFAULT CHARSET=latin1;

--
-- Dumping data for table `deletedgrp`
--

INSERT INTO `deletedgrp` (`id`, `userid`, `eventid`) VALUES
(6, 47, 153),
(7, 42, 214),
(8, 44, 260),
(9, 42, 329);

-- --------------------------------------------------------

--
-- Table structure for table `deletedmsg`
--

CREATE TABLE IF NOT EXISTS `deletedmsg` (
  `id` int(11) NOT NULL,
  `userid` int(11) NOT NULL,
  `eventid` int(11) NOT NULL,
  `chatid` int(11) NOT NULL
) ENGINE=MyISAM AUTO_INCREMENT=499 DEFAULT CHARSET=latin1;

--
-- Dumping data for table `deletedmsg`
--

INSERT INTO `deletedmsg` (`id`, `userid`, `eventid`, `chatid`) VALUES
(50, 44, 133, 960),
(49, 44, 133, 959),
(48, 44, 133, 954),
(47, 44, 133, 952),
(46, 44, 133, 951),
(45, 44, 133, 950),
(44, 44, 133, 949),
(43, 44, 133, 948),
(42, 44, 133, 947),
(41, 44, 133, 946),
(40, 44, 133, 945),
(39, 44, 133, 944),
(38, 44, 133, 942),
(37, 44, 133, 941),
(36, 44, 133, 940),
(35, 44, 133, 939),
(34, 44, 133, 938),
(33, 44, 133, 937),
(32, 44, 133, 936),
(31, 44, 133, 935),
(30, 44, 133, 934),
(29, 44, 133, 933),
(28, 44, 133, 932),
(27, 44, 133, 931),
(26, 44, 133, 930),
(51, 44, 133, 1011),
(52, 44, 133, 1012),
(53, 44, 133, 1013),
(54, 44, 133, 1014),
(55, 44, 133, 1015),
(56, 44, 133, 1016),
(57, 44, 133, 1017),
(58, 44, 133, 1018),
(59, 44, 133, 1019),
(60, 44, 133, 1020),
(61, 44, 133, 1021),
(62, 44, 133, 1022),
(63, 44, 133, 1023),
(64, 44, 133, 1024),
(65, 44, 133, 930),
(66, 44, 133, 931),
(67, 44, 133, 932),
(68, 44, 133, 933),
(69, 44, 133, 934),
(70, 44, 133, 935),
(71, 44, 133, 936),
(72, 44, 133, 937),
(73, 44, 133, 938),
(74, 44, 133, 939),
(75, 44, 133, 940),
(76, 44, 133, 941),
(77, 44, 133, 942),
(78, 44, 133, 944),
(79, 44, 133, 945),
(80, 44, 133, 946),
(81, 44, 133, 947),
(82, 44, 133, 948),
(83, 44, 133, 949),
(84, 44, 133, 950),
(85, 44, 133, 951),
(86, 44, 133, 952),
(87, 44, 133, 954),
(88, 44, 133, 959),
(89, 44, 133, 960),
(90, 44, 133, 1011),
(91, 44, 133, 1012),
(92, 44, 133, 1013),
(93, 44, 133, 1014),
(94, 44, 133, 1015),
(95, 44, 133, 1016),
(96, 44, 133, 1017),
(97, 44, 133, 1018),
(98, 44, 133, 1019),
(99, 44, 133, 1020),
(100, 44, 133, 1021),
(101, 44, 133, 1022),
(102, 44, 133, 1023),
(103, 44, 133, 1024),
(104, 44, 155, 961),
(105, 44, 155, 962),
(106, 44, 155, 963),
(107, 44, 155, 1009),
(108, 44, 155, 1010),
(109, 44, 155, 1030),
(110, 44, 155, 1031),
(111, 44, 155, 1032),
(112, 44, 155, 1033),
(113, 44, 155, 1034),
(114, 44, 155, 1035),
(115, 44, 155, 1036),
(116, 44, 155, 1037),
(117, 44, 155, 1038),
(118, 44, 155, 1039),
(119, 44, 155, 1040),
(120, 44, 155, 1041),
(121, 44, 155, 1042),
(122, 44, 155, 1043),
(123, 44, 155, 1044),
(124, 44, 155, 1045),
(125, 42, 133, 930),
(126, 42, 133, 931),
(127, 42, 133, 932),
(128, 42, 133, 933),
(129, 42, 133, 934),
(130, 42, 133, 935),
(131, 42, 133, 936),
(132, 42, 133, 937),
(133, 42, 133, 938),
(134, 42, 133, 939),
(135, 42, 133, 940),
(136, 42, 133, 941),
(137, 42, 133, 942),
(138, 42, 133, 944),
(139, 42, 133, 945),
(140, 42, 133, 946),
(141, 42, 133, 947),
(142, 42, 133, 948),
(143, 42, 133, 949),
(144, 42, 133, 950),
(145, 42, 133, 951),
(146, 42, 133, 952),
(147, 42, 133, 954),
(148, 42, 133, 959),
(149, 42, 133, 960),
(150, 42, 133, 1011),
(151, 42, 133, 1012),
(152, 42, 133, 1013),
(153, 42, 133, 1014),
(154, 42, 133, 1015),
(155, 42, 133, 1016),
(156, 42, 133, 1017),
(157, 42, 133, 1018),
(158, 42, 133, 1019),
(159, 42, 133, 1020),
(160, 42, 133, 1021),
(161, 42, 133, 1022),
(162, 42, 133, 1023),
(163, 42, 133, 1024),
(164, 42, 133, 1025),
(165, 42, 133, 1026),
(166, 42, 133, 1027),
(167, 42, 133, 1028),
(168, 42, 133, 1029),
(169, 47, 153, 943),
(170, 47, 153, 953),
(171, 47, 153, 955),
(172, 47, 153, 956),
(173, 47, 153, 1166),
(174, 47, 153, 1167),
(175, 47, 153, 1168),
(176, 47, 153, 1169),
(177, 47, 153, 1170),
(178, 47, 153, 1171),
(179, 47, 153, 1172),
(180, 47, 153, 1173),
(181, 47, 153, 1174),
(182, 47, 153, 1175),
(183, 47, 153, 1176),
(184, 47, 153, 1177),
(185, 47, 153, 1178),
(186, 47, 153, 1179),
(187, 47, 153, 1180),
(188, 47, 153, 1181),
(189, 47, 153, 1182),
(190, 47, 153, 1183),
(191, 47, 153, 1184),
(192, 47, 153, 1186),
(193, 47, 153, 1187),
(194, 47, 153, 1188),
(195, 47, 153, 1189),
(196, 47, 153, 1190),
(197, 47, 157, 1158),
(198, 47, 157, 1159),
(199, 47, 157, 1160),
(200, 47, 157, 1161),
(201, 47, 157, 1162),
(202, 47, 157, 1163),
(203, 47, 157, 1164),
(204, 47, 157, 1208),
(205, 47, 157, 1209),
(206, 47, 157, 1210),
(207, 47, 157, 1211),
(208, 47, 157, 1212),
(209, 47, 157, 1213),
(210, 44, 162, 1191),
(211, 44, 162, 1192),
(212, 44, 162, 1193),
(213, 44, 162, 1194),
(214, 44, 162, 1195),
(215, 44, 162, 1196),
(216, 44, 162, 1197),
(217, 44, 162, 1198),
(218, 44, 162, 1199),
(219, 44, 162, 1200),
(220, 44, 162, 1201),
(221, 44, 162, 1202),
(222, 44, 162, 1203),
(223, 44, 162, 1204),
(224, 44, 162, 1205),
(225, 44, 162, 1206),
(226, 45, 162, 1191),
(227, 45, 162, 1192),
(228, 45, 162, 1193),
(229, 45, 162, 1194),
(230, 45, 162, 1195),
(231, 45, 162, 1196),
(232, 45, 162, 1197),
(233, 45, 162, 1198),
(234, 45, 162, 1199),
(235, 45, 162, 1200),
(236, 45, 162, 1201),
(237, 45, 162, 1202),
(238, 45, 162, 1203),
(239, 45, 162, 1204),
(240, 45, 162, 1205),
(241, 45, 162, 1206),
(242, 45, 162, 1305),
(243, 45, 162, 1306),
(244, 45, 162, 1307),
(245, 42, 214, 1390),
(246, 42, 214, 1392),
(247, 42, 214, 1393),
(248, 42, 214, 1414),
(249, 42, 214, 1416),
(250, 42, 214, 1417),
(251, 44, 258, 1454),
(252, 44, 258, 1455),
(253, 44, 258, 1456),
(254, 44, 258, 1457),
(255, 44, 258, 1458),
(256, 44, 258, 1459),
(257, 44, 258, 1460),
(258, 44, 258, 1461),
(259, 44, 258, 1462),
(260, 44, 258, 1463),
(261, 44, 258, 1464),
(262, 44, 258, 1465),
(263, 44, 258, 1466),
(264, 44, 258, 1467),
(265, 44, 258, 1468),
(266, 44, 258, 1469),
(267, 44, 258, 1470),
(268, 44, 258, 1471),
(269, 44, 258, 1472),
(270, 44, 258, 1473),
(271, 44, 258, 1474),
(272, 44, 258, 1475),
(273, 44, 258, 1476),
(274, 44, 258, 1477),
(275, 44, 258, 1478),
(276, 44, 258, 1479),
(277, 44, 258, 1480),
(278, 44, 258, 1481),
(279, 44, 258, 1482),
(280, 44, 258, 1483),
(281, 44, 258, 1484),
(282, 44, 258, 1485),
(283, 44, 258, 1486),
(284, 44, 258, 1487),
(285, 44, 258, 1488),
(286, 44, 258, 1489),
(287, 44, 258, 1490),
(288, 44, 258, 1491),
(289, 44, 258, 1492),
(290, 44, 258, 1493),
(291, 44, 258, 1494),
(292, 44, 258, 1495),
(293, 44, 258, 1496),
(294, 44, 258, 1497),
(295, 44, 258, 1498),
(296, 44, 258, 1499),
(297, 44, 258, 1500),
(298, 44, 258, 1501),
(299, 44, 258, 1502),
(300, 44, 258, 1503),
(301, 42, 260, 1317),
(302, 42, 260, 1319),
(303, 42, 260, 1320),
(304, 42, 260, 1322),
(305, 42, 260, 1329),
(306, 42, 260, 1331),
(307, 42, 260, 1528),
(308, 42, 260, 1539),
(309, 42, 260, 1542),
(310, 42, 260, 1550),
(311, 42, 260, 1551),
(312, 42, 260, 1552),
(313, 42, 260, 1553),
(314, 42, 260, 1554),
(315, 42, 260, 1555),
(316, 42, 260, 1557),
(317, 42, 260, 1558),
(318, 42, 260, 1559),
(319, 42, 260, 1560),
(320, 42, 260, 1561),
(321, 42, 260, 1562),
(322, 42, 260, 1563),
(323, 42, 260, 1564),
(324, 42, 260, 1565),
(325, 42, 260, 1566),
(326, 42, 260, 1567),
(327, 42, 260, 1568),
(328, 42, 260, 1569),
(329, 42, 260, 1570),
(330, 42, 260, 1571),
(331, 42, 260, 1572),
(332, 42, 260, 1573),
(333, 42, 260, 1574),
(334, 42, 260, 1575),
(335, 42, 260, 1576),
(336, 42, 260, 1577),
(337, 42, 260, 1578),
(338, 42, 260, 1579),
(339, 42, 260, 1580),
(340, 42, 260, 1581),
(341, 42, 260, 1582),
(342, 42, 260, 1583),
(343, 42, 260, 1584),
(344, 42, 260, 1585),
(345, 42, 260, 1586),
(346, 42, 260, 1587),
(347, 42, 260, 1588),
(348, 42, 260, 1589),
(349, 42, 260, 1590),
(350, 42, 260, 1591),
(351, 42, 260, 1592),
(352, 42, 260, 1593),
(353, 42, 260, 1594),
(354, 42, 260, 1595),
(355, 42, 260, 1596),
(356, 42, 260, 1597),
(357, 42, 260, 1598),
(358, 42, 260, 1599),
(359, 42, 260, 1600),
(360, 42, 260, 1601),
(361, 42, 260, 1602),
(362, 42, 260, 1603),
(363, 42, 260, 1604),
(364, 42, 260, 1605),
(365, 42, 260, 1606),
(366, 42, 260, 1607),
(367, 42, 260, 1608),
(368, 42, 260, 1609),
(369, 42, 260, 1611),
(370, 42, 260, 1613),
(371, 42, 260, 1614),
(372, 42, 260, 1615),
(373, 42, 260, 1618),
(374, 42, 260, 1620),
(375, 42, 260, 1623),
(376, 42, 260, 1625),
(377, 42, 260, 1628),
(378, 42, 260, 1629),
(379, 42, 260, 1633),
(380, 42, 260, 1634),
(381, 42, 260, 1635),
(382, 42, 260, 1637),
(383, 42, 260, 1638),
(384, 42, 260, 1642),
(385, 44, 260, 1317),
(386, 44, 260, 1319),
(387, 44, 260, 1320),
(388, 44, 260, 1322),
(389, 44, 260, 1329),
(390, 44, 260, 1331),
(391, 44, 260, 1528),
(392, 44, 260, 1539),
(393, 44, 260, 1542),
(394, 44, 260, 1550),
(395, 44, 260, 1551),
(396, 44, 260, 1552),
(397, 44, 260, 1553),
(398, 44, 260, 1554),
(399, 44, 260, 1555),
(400, 44, 260, 1557),
(401, 44, 260, 1558),
(402, 44, 260, 1559),
(403, 44, 260, 1560),
(404, 44, 260, 1561),
(405, 44, 260, 1562),
(406, 44, 260, 1563),
(407, 44, 260, 1564),
(408, 44, 260, 1565),
(409, 44, 260, 1566),
(410, 44, 260, 1567),
(411, 44, 260, 1568),
(412, 44, 260, 1569),
(413, 44, 260, 1570),
(414, 44, 260, 1571),
(415, 44, 260, 1572),
(416, 44, 260, 1573),
(417, 44, 260, 1574),
(418, 44, 260, 1575),
(419, 44, 260, 1576),
(420, 44, 260, 1577),
(421, 44, 260, 1578),
(422, 44, 260, 1579),
(423, 44, 260, 1580),
(424, 44, 260, 1581),
(425, 44, 260, 1582),
(426, 44, 260, 1583),
(427, 44, 260, 1584),
(428, 44, 260, 1585),
(429, 44, 260, 1586),
(430, 44, 260, 1587),
(431, 44, 260, 1588),
(432, 44, 260, 1589),
(433, 44, 260, 1590),
(434, 44, 260, 1591),
(435, 44, 260, 1592),
(436, 44, 260, 1593),
(437, 44, 260, 1594),
(438, 44, 260, 1595),
(439, 44, 260, 1596),
(440, 44, 260, 1597),
(441, 44, 260, 1598),
(442, 44, 260, 1599),
(443, 44, 260, 1600),
(444, 44, 260, 1601),
(445, 44, 260, 1602),
(446, 44, 260, 1603),
(447, 44, 260, 1604),
(448, 44, 260, 1605),
(449, 44, 260, 1606),
(450, 44, 260, 1607),
(451, 44, 260, 1608),
(452, 44, 260, 1609),
(453, 44, 260, 1611),
(454, 44, 260, 1613),
(455, 44, 260, 1614),
(456, 44, 260, 1615),
(457, 44, 260, 1618),
(458, 44, 260, 1620),
(459, 44, 260, 1623),
(460, 44, 260, 1625),
(461, 44, 260, 1628),
(462, 44, 260, 1629),
(463, 44, 260, 1633),
(464, 44, 260, 1634),
(465, 44, 260, 1635),
(466, 44, 260, 1637),
(467, 44, 260, 1638),
(468, 44, 260, 1642),
(469, 44, 260, 1643),
(470, 44, 260, 1644),
(471, 44, 260, 1645),
(472, 44, 260, 1646),
(473, 44, 260, 1648),
(474, 44, 260, 1651),
(475, 44, 260, 1652),
(476, 44, 260, 1704),
(477, 44, 260, 1744),
(478, 44, 260, 1745),
(479, 44, 260, 1746),
(480, 44, 260, 1747),
(481, 44, 260, 1748),
(482, 44, 260, 1749),
(483, 44, 260, 1750),
(484, 44, 260, 1751),
(485, 44, 260, 1752),
(486, 44, 260, 1753),
(487, 44, 260, 1754),
(488, 44, 260, 1755),
(489, 44, 260, 1756),
(490, 44, 260, 1757),
(491, 44, 260, 1758),
(492, 44, 260, 1759),
(493, 44, 260, 1760),
(494, 44, 260, 1761),
(495, 44, 260, 1762),
(496, 44, 297, 1789),
(497, 44, 297, 1791),
(498, 42, 329, 1907);

-- --------------------------------------------------------

--
-- Table structure for table `event`
--

CREATE TABLE IF NOT EXISTS `event` (
  `eventid` int(11) NOT NULL,
  `user_id` int(11) NOT NULL,
  `name` varchar(255) NOT NULL,
  `topicname` varchar(255) NOT NULL,
  `location` text NOT NULL,
  `starttime` varchar(255) NOT NULL,
  `participants` int(11) NOT NULL,
  `created` varchar(255) NOT NULL,
  `updatedtime` text NOT NULL,
  `time_zone` varchar(50) NOT NULL
) ENGINE=InnoDB AUTO_INCREMENT=408 DEFAULT CHARSET=latin1;

--
-- Dumping data for table `event`
--

INSERT INTO `event` (`eventid`, `user_id`, `name`, `topicname`, `location`, `starttime`, `participants`, `created`, `updatedtime`, `time_zone`) VALUES
(381, 44, 'CSE444', 'Hey', 'Listing', '2016/9/17  11:00:00 AM', 0, '16/09/16 10:05:32 am', '16/09/16 09:27:38 am', 'Asia/Calcutta'),
(401, 44, 'FFF345', 'Android testing', 'Mohali', '2016/9/17  12:30:00 PM', 0, '16/09/17 12:05:35 pm', '16/09/17 12:05:35 pm', 'Asia/Calcutta'),
(407, 42, 'AAA123', 'Yuu', 'Yuu', '2016/09/18 12:13:42 PM', 0, '16/09/17 12:13:48 pm', '16/09/17 12:13:48 pm', 'Asia/Kolkata');

-- --------------------------------------------------------

--
-- Table structure for table `invite`
--

CREATE TABLE IF NOT EXISTS `invite` (
  `id` int(11) NOT NULL,
  `userid` int(11) NOT NULL,
  `inviteid` int(11) NOT NULL,
  `eventid` int(11) NOT NULL,
  `status` int(11) NOT NULL,
  `joindate` timestamp NOT NULL DEFAULT CURRENT_TIMESTAMP ON UPDATE CURRENT_TIMESTAMP
) ENGINE=InnoDB AUTO_INCREMENT=358 DEFAULT CHARSET=latin1;

--
-- Dumping data for table `invite`
--

INSERT INTO `invite` (`id`, `userid`, `inviteid`, `eventid`, `status`, `joindate`) VALUES
(165, 42, 44, 122, 1, '2016-07-30 04:41:08'),
(166, 44, 42, 123, 1, '2016-07-30 04:41:23'),
(167, 42, 43, 122, 1, '2016-07-30 06:43:33'),
(168, 44, 42, 121, 1, '2016-08-01 05:59:04'),
(169, 44, 43, 121, 1, '2016-08-01 12:06:37'),
(170, 44, 42, 133, 1, '2016-08-13 06:40:20'),
(171, 46, 45, 137, 1, '2016-08-14 19:23:20'),
(172, 46, 45, 138, 1, '2016-08-15 07:40:50'),
(173, 44, 45, 133, 1, '2016-08-15 20:25:19'),
(176, 44, 42, 133, 1, '2016-08-16 06:11:15'),
(177, 44, 42, 153, 1, '2016-08-16 06:10:48'),
(178, 42, 44, 153, 1, '2016-08-16 09:13:57'),
(179, 44, 46, 133, 1, '2016-08-16 13:01:02'),
(180, 44, 42, 155, 1, '2016-08-16 09:01:47'),
(181, 42, 44, 158, 1, '2016-08-16 09:13:46'),
(184, 46, 42, 137, 1, '2016-08-16 11:13:40'),
(185, 44, 47, 155, 1, '2016-08-16 12:28:17'),
(186, 44, 47, 133, 1, '2016-08-16 13:01:02'),
(187, 44, 47, 157, 1, '2016-08-16 13:03:34'),
(189, 46, 45, 161, 0, '2016-08-16 20:24:11'),
(192, 46, 47, 162, 1, '2016-08-17 10:26:17'),
(193, 42, 47, 153, 1, '2016-08-17 10:32:41'),
(194, 46, 44, 137, 1, '2016-08-17 11:44:11'),
(202, 46, 44, 138, 1, '2016-08-19 10:14:50'),
(203, 42, 44, 165, 1, '2016-08-19 10:16:59'),
(204, 46, 45, 160, 1, '2016-08-19 10:46:19'),
(207, 42, 44, 159, 1, '2016-08-19 11:30:53'),
(209, 46, 47, 138, 1, '2016-08-19 11:33:27'),
(210, 42, 47, 159, 1, '2016-08-19 11:41:37'),
(212, 42, 47, 165, 0, '2016-08-19 11:41:27'),
(218, 46, 42, 138, 1, '2016-08-19 12:25:24'),
(219, 42, 46, 158, 1, '2016-08-19 16:27:40'),
(220, 42, 46, 159, 1, '2016-08-19 17:11:47'),
(231, 46, 42, 171, 1, '2016-08-20 12:47:33'),
(236, 46, 45, 162, 1, '2016-08-20 18:42:40'),
(240, 44, 42, 172, 1, '2016-08-22 07:09:11'),
(250, 46, 42, 162, 1, '2016-08-22 07:31:14'),
(253, 46, 42, 169, 1, '2016-08-22 08:49:42'),
(257, 43, 47, 181, 0, '2016-08-22 09:13:58'),
(261, 43, 44, 181, 1, '2016-08-22 09:59:23'),
(262, 43, 42, 182, 1, '2016-08-22 10:17:25'),
(263, 46, 44, 162, 1, '2016-08-22 13:02:14'),
(264, 46, 44, 171, 1, '2016-08-22 13:04:51'),
(265, 46, 43, 178, 1, '2016-08-22 13:07:29'),
(266, 46, 45, 184, 1, '2016-08-23 04:05:59'),
(267, 43, 42, 181, 1, '2016-08-23 04:26:08'),
(268, 46, 42, 178, 1, '2016-08-23 04:47:21'),
(269, 44, 42, 190, 1, '2016-08-23 04:59:32'),
(270, 44, 42, 191, 1, '2016-08-23 05:37:01'),
(271, 44, 42, 191, 1, '2016-08-23 05:38:33'),
(273, 42, 44, 191, 1, '2016-08-23 05:48:37'),
(274, 44, 42, 193, 1, '2016-08-23 05:55:57'),
(275, 44, 42, 194, 1, '2016-08-23 06:09:17'),
(276, 44, 42, 200, 1, '2016-08-23 06:20:13'),
(277, 42, 47, 191, 1, '2016-08-23 12:27:16'),
(278, 46, 42, 192, 1, '2016-08-24 12:50:25'),
(279, 50, 44, 205, 1, '2016-08-25 10:27:09'),
(286, 44, 50, 213, 1, '2016-08-26 10:06:34'),
(287, 50, 44, 219, 1, '2016-08-26 10:07:32'),
(290, 50, 44, 214, 1, '2016-08-26 10:47:40'),
(306, 42, 44, 250, 0, '2016-08-29 13:20:01'),
(307, 42, 46, 253, 1, '2016-08-31 05:19:52'),
(308, 44, 42, 255, 1, '2016-08-31 06:25:27'),
(309, 44, 42, 258, 1, '2016-09-01 09:16:21'),
(310, 44, 43, 258, 0, '2016-09-01 09:14:57'),
(311, 42, 44, 259, 1, '2016-09-01 12:54:23'),
(312, 42, 44, 257, 1, '2016-09-01 12:56:48'),
(314, 42, 43, 261, 1, '2016-09-02 09:48:32'),
(315, 44, 43, 260, 0, '2016-09-02 13:21:30'),
(316, 42, 44, 261, 1, '2016-09-02 13:26:57'),
(318, 44, 42, 272, 1, '2016-09-08 10:00:35'),
(319, 44, 46, 273, 1, '2016-09-08 10:09:04'),
(320, 42, 46, 274, 1, '2016-09-08 10:20:38'),
(321, 44, 42, 273, 1, '2016-09-08 10:50:13'),
(323, 42, 44, 282, 1, '2016-09-08 13:55:38'),
(327, 42, 44, 299, 1, '2016-09-09 09:28:39'),
(332, 44, 42, 309, 1, '2016-09-09 09:58:45'),
(333, 42, 44, 310, 1, '2016-09-09 10:00:14'),
(335, 44, 42, 313, 1, '2016-09-12 09:44:13'),
(337, 44, 42, 329, 1, '2016-09-13 06:43:57'),
(338, 44, 42, 339, 1, '2016-09-13 11:09:48'),
(339, 44, 42, 352, 1, '2016-09-14 09:07:17'),
(343, 44, 42, 358, 1, '2016-09-15 10:58:50'),
(348, 44, 42, 374, 1, '2016-09-15 11:29:52'),
(349, 42, 46, 373, 0, '2016-09-15 11:31:20'),
(350, 44, 42, 375, 1, '2016-09-15 11:44:27'),
(351, 42, 44, 377, 1, '2016-09-15 12:45:07'),
(352, 42, 44, 378, 1, '2016-09-15 13:06:48'),
(353, 42, 44, 379, 1, '2016-09-15 13:08:11'),
(356, 44, 42, 381, 1, '2016-09-16 06:02:01'),
(357, 44, 42, 398, 1, '2016-09-16 10:24:54');

-- --------------------------------------------------------

--
-- Table structure for table `user`
--

CREATE TABLE IF NOT EXISTS `user` (
  `userid` int(11) NOT NULL,
  `fname` varchar(255) NOT NULL,
  `lname` varchar(255) NOT NULL,
  `userpic` text NOT NULL,
  `loginid` text NOT NULL,
  `deviceid` text NOT NULL,
  `devicetype` varchar(10) NOT NULL,
  `count` bigint(11) NOT NULL
) ENGINE=InnoDB AUTO_INCREMENT=52 DEFAULT CHARSET=latin1;

--
-- Dumping data for table `user`
--

INSERT INTO `user` (`userid`, `fname`, `lname`, `userpic`, `loginid`, `deviceid`, `devicetype`, `count`) VALUES
(42, 'Mr', 'Bright Roots', 'fefb6f0908205bf4c962a500c250ce4c.jpeg', '298976363823715', '916535a40ddbedb841dbaebd6b603eeadaa3fc3986e3782d6716c1f11f46cd8b', 'iPhone 5s', 1),
(43, 'Mallu', 'Mahajan', '782a5042ac00634d91f2fe6b87a12f79.jpeg', '1154111434661636', 'f7486215ea450d8c51c578c67f4a62f79480bac99e7ad594be0d2a332bba79e2', 'Simulator', 1),
(44, 'Pawandeep', 'Kaur', 'be158a59ef55b8f9c31cb70ce9c15d70.jpg', '1107439075970021', 'fESx2PNAaOY:APA91bEEpSGMD3pGlbYnAqUy6kLc6p39UZ66IILW8GpWgkDNb74IvTmiRSdEtzNAF2O4eknWp1PrFk2iYa4kj-CS2YHKiif76xIalQ2WLZ6HCWGuiYiDtliqrGb9-DiuGj7T_qkIteew', 'A', 1),
(45, 'Raj', 'Patel', '38dc8db67b5ed82e6c125d04fcb4366b.jpeg', '1392403824110194', '8f5d6e21342743593876683cf93291cf94250b07f92275061887efad5dd06ef1', 'iPhone 6s', 1),
(46, 'Anant', 'Bhargava', 'https://graph.facebook.com/10208927738684903/picture?type=large', '10208927738684903', 'feuv9zBqy_M:APA91bHgOaI7XjmRWTrUpaBzWovSVhsRXmKHtbXynMBfL8QIRnPAT8cUHvoX5BGJp-aP_ehQbxsh7C03STPzJy-i0i6AdVY6O2GZgJ2axgr4GdiuBqDcv6gvyk1n6M-g271pkg_sbps2', 'A', 1),
(47, 'Monika', 'Arora', 'https://fbcdn-profile-a.akamaihd.net/hprofile-ak-xaf1/v/t1.0-1/p200x200/13310454_879611895484193_1353693863755546261_n.jpg?oh=09d6009676c9109dcb29e252a5bcb89e&oe=5852F3D2&__gda__=1481890158_417b3d14292dc66936efe20bd7417c41', '892360580875991', 'coTEqBLxZ7g:APA91bEW_zGyDMCpkwKH6rJVB-iIT7nuC3hpboOmVC-fnoz_hXSkEnP9C3WXBktn3vv12PzQs95WxI_u0tc6YpiV_dSUQDRQtKVRnWmW0lCTNS2zCFVj77Bo-MyqIiy_GRWFsTxQWcq4', 'A', 1),
(48, 'Sankait', 'Kakkar', '69bc56246969a126d3b9020602774468.jpeg', '10208755003325416', 'czASaIPSEiE:APA91bFucdb3ngr6rgN82dDJumoTHuG2xfPAzHzJHLH6eLama-YmC4udFRPJLq3-yA_b82OKOsUKdXo7sjIYc13vYns-RR_6tPqJgRGBit70GmUtfJ4iHdzkctgVCSxscNjl681z6TMf', 'A', 1),
(49, 'Nicholas', 'Leto', '0e298c12999ce9e8942c656f3806e3a2.jpg', '1675266279468875', 'efPV07aFJhg:APA91bECdXLMcAb5lDH3u27sT2xze1ZIYjgnzBPG2O5u_oINj0yPqJIDmFMalehwC-s5UunzX-0S8gDO4kd4RcT00niwMdC6P42qeOQ7nO7Gwb9CaCuVzeGjeFAsXl7PKyd7CctR91AU', 'A', 1),
(50, 'Anshu', 'Sharma', 'b13b905079146b07a74fe2df5f692ba9.jpeg', '1124629007623981', 'fc1d05770f63859348ee430267ef66264ad3f0d2b5d220f0d6f52a97e0936027', 'iPhone 5', 1),
(51, 'Srishti', 'Bhalla', 'https://graph.facebook.com/10210711404845023/picture?type=large', '10210711404845023', 'da50b0a53997e160ec4d6162d1a8dc8aa7cc94f83730f08b5f7ad73e11bf5265', 'iPhone 6', 1);

--
-- Indexes for dumped tables
--

--
-- Indexes for table `chat`
--
ALTER TABLE `chat`
  ADD PRIMARY KEY (`chatid`);

--
-- Indexes for table `chatstatus`
--
ALTER TABLE `chatstatus`
  ADD PRIMARY KEY (`id`);

--
-- Indexes for table `class`
--
ALTER TABLE `class`
  ADD PRIMARY KEY (`classid`);

--
-- Indexes for table `deletedgrp`
--
ALTER TABLE `deletedgrp`
  ADD PRIMARY KEY (`id`);

--
-- Indexes for table `deletedmsg`
--
ALTER TABLE `deletedmsg`
  ADD PRIMARY KEY (`id`);

--
-- Indexes for table `event`
--
ALTER TABLE `event`
  ADD PRIMARY KEY (`eventid`);

--
-- Indexes for table `invite`
--
ALTER TABLE `invite`
  ADD PRIMARY KEY (`id`);

--
-- Indexes for table `user`
--
ALTER TABLE `user`
  ADD PRIMARY KEY (`userid`);

--
-- AUTO_INCREMENT for dumped tables
--

--
-- AUTO_INCREMENT for table `chat`
--
ALTER TABLE `chat`
  MODIFY `chatid` int(11) NOT NULL AUTO_INCREMENT,AUTO_INCREMENT=1985;
--
-- AUTO_INCREMENT for table `chatstatus`
--
ALTER TABLE `chatstatus`
  MODIFY `id` int(11) NOT NULL AUTO_INCREMENT,AUTO_INCREMENT=941;
--
-- AUTO_INCREMENT for table `class`
--
ALTER TABLE `class`
  MODIFY `classid` int(11) NOT NULL AUTO_INCREMENT,AUTO_INCREMENT=722;
--
-- AUTO_INCREMENT for table `deletedgrp`
--
ALTER TABLE `deletedgrp`
  MODIFY `id` int(11) NOT NULL AUTO_INCREMENT,AUTO_INCREMENT=10;
--
-- AUTO_INCREMENT for table `deletedmsg`
--
ALTER TABLE `deletedmsg`
  MODIFY `id` int(11) NOT NULL AUTO_INCREMENT,AUTO_INCREMENT=499;
--
-- AUTO_INCREMENT for table `event`
--
ALTER TABLE `event`
  MODIFY `eventid` int(11) NOT NULL AUTO_INCREMENT,AUTO_INCREMENT=408;
--
-- AUTO_INCREMENT for table `invite`
--
ALTER TABLE `invite`
  MODIFY `id` int(11) NOT NULL AUTO_INCREMENT,AUTO_INCREMENT=358;
--
-- AUTO_INCREMENT for table `user`
--
ALTER TABLE `user`
  MODIFY `userid` int(11) NOT NULL AUTO_INCREMENT,AUTO_INCREMENT=52;
/*!40101 SET CHARACTER_SET_CLIENT=@OLD_CHARACTER_SET_CLIENT */;
/*!40101 SET CHARACTER_SET_RESULTS=@OLD_CHARACTER_SET_RESULTS */;
/*!40101 SET COLLATION_CONNECTION=@OLD_COLLATION_CONNECTION */;
